Designation,Code_Barres
A ??????,
A ????????,
A ??????,
Alluminium Caps Café Capsules,
Amandes,
Assiette Jetable GM,
Assiette Jetable PM,
B ??????,
B ????????,
B ??????,
Baklava (??????),
Baklava Cigarette,
Biscuit Amidam Petit Palmier,613255040014
Biscuit Bimo Chico,6130015060615
Biscuit Celebrity Blanc,6132175402137
Biscuit Celebrity Chocolat,6132175401598
Biscuit Flouka,
Biscuit Good Day Banane,6135712000988
Biscuit Good Day Choco,6135712000858
Biscuit Good Day Fraise,6135712000971
Biscuit Good Day Oreo,6135712001039
Biscuit Good Day Vanille,6135712000872
Biscuit Mini Tuc GM,6194008516046
Biscuit Mini Tuc PM,6132011101491
Biscuit Pipino pm,6132175403356
Biscuit Torta,6130619003384
Biscuits Besto Chocolat GM,6132175400812
Biscuits Besto Chocolat PM,6132175400720
Biscuits Besto Vanille MM,6132501548508
Biscuits Besto Vanille PM,6132501548942
Biscuits Gusti PM,6132501549437
Biscuits Kool GM,6133414001999
Biscuits Kool PM,6133414002002
Biscuits Maxon GM,6133414002552
Biscuits Maxon Loumja,6133414011585
Biscuits Maxon PM,6133414001708
Biscuits Milka Jaffa,
Biscuits Milka Waffer,7622210818553
Biscuits NutelLa au Chocolat,
Biscuits Qaada,6135129000205
Biscuits Regalo Digestif PM,6133414011622
Biscuits Regalo GM,6133414005355
Biscuits Regalo PM,6133414006000
Biscuits Rs Duo,6132175400355
Brava Chocolat Amandes Tablette,6132175401734
Brava Chocolat Blanche Bar,6132175401642
Brava Chocolat Noisette Tablette,6132175401321
Brava Chocolat Raisins Noisette Tablette,6132175401758
C ??????,
C ????????,
C ??????,
Cacahuetes Nutis Gm,6132376100191
Cacahuetes Nutis PM,6132271600048
Cacao (?????),
Cacao Fumé,
Cacao Pisto,
Café Poudre,
Caissette Gateau,
Candia Choco,6130433000354
Candia Choco 125 ML,6130433000583
Caps Café Capsules,
Carré Noir Dose,
Carte Noire Café Soluble Mousse,
Celebrity Brownie,6132175403653
Celebrity Fondant,6132175403820
Chewing Gum Action,
Chewing Gum Caprice Ment,6130742000533
Chewing Gum Cow-Boy,61302075
Chewing Gum Cow-Boy 12,
Chewing Gum Cow-Boy Fraise,61302051
Chewing Gum Flaura Blueberry,6136046000231
Chewing Gum Flaura Fraise,6136046000149
Chewing Gum Flaura Grenadine,
Chewing Gum Flaura Menthe Poivree,6136046000316
Chewing Gum Flaura Menthe Verte,6136046000163
Chewing Gum Flaura Watermelon,6136046000217
Chewing Gum Florida,6136360000016
Chewing Gum Freedent Blueberry,42189657
Chewing Gum Freedent Bubble Ment,
Chewing Gum Freedent Citron Poire,
Chewing Gum Freedent Eucalyptus,50173563
Chewing Gum Freedent Fraise,40099576
Chewing Gum Freedent Ment Givree,42154860
Chewing Gum Freedent Ment Vert,40099293
Chewing Gum Freedent Réglise,
Chewing Gum Freedent White Ment Vert,42113225
Chewing Gum Freedent White Blueberry,42247524
Chewing Gum Freedent White Bubble Ment,4009900485708
Chewing Gum Freedent White Cassice,
Chewing Gum Freedent White Citron Poire,42070474
Chewing Gum Freedent White Fraise,
Chewing Gum Freedent White Ment Douce,42069782
Chewing Gum Freedent White Ment Forte,42070399
Chewing Gum Freedent White Réglise,
Chewing Gum Holiday,6130185000138
Chewing Gum May,61302778
Chewing Gum May Chlorophylle,61302761
Chewing Gum May Fraise,61302785
Chewing Gum May Mojito,6130374000130
Chewing Gum Montos Mints,
Chewing gum Cow Boy 12,61302068
Chips Amayas,6136357000128
Chips Bugles Hot Dersa PM,6133079001280
Chips Bugles Natcho,6130336002356
Chips Bugles Natcho PM,6133079001297
Chips Bugles Original,6130336005012
Chips Bugles PM,
Chips Bugles Smoking BBQ GM,6130336002363
Chips Bugles steak PM,6133079001303
Chips Corn Bidon,
Chips Crunchy,6130336004213
Chips Dyna,6132052900015
Chips Extrem Harissa,6130336004671
Chips Extreme Red Pepper PM,6130336005203
Chips Flayk Barbecue MM,6130833000534
Chips Flayk Burger GM,6130833001197
Chips Flayk Burger PM,6130833001173
Chips Flayk Créme Oignon MM,6130833000558
Chips Flayk Fromage,6130833000435
Chips Flayk Fromage GM,6130833000343
Chips Flayk Ketchup GM,6130833000374
Chips Flayk Ketchup PM,6130833000404
Chips Flayk Original GM,6130833000305
Chips Flayk Original MM,6130833000565
Chips Flayk Original PM,6130833000473
Chips Flayk Poulet MM,6130833000541
Chips Flayk Poulet PM,6130833000459
Chips Kritch,6132065400120
Chips Kritch Fille,6132065400151
Chips Kritch Fromage,6132065400137
Chips Kritch Har,6132065400199
Chips Kritch Natural,613206540014
Chips Kritch Viande,6132065400144
Chips Laziza,6132000601681
Chips Mahbool,
Chips Mahboul BBQ,6130336002059
Chips Mahboul Cheese,6130336001991
Chips Mahboul Onion G,6130336002905
Chips Mahboul Paprika,6130336001984
Chips Master 4 Fromages GM,6133079001235
Chips Master Camember GM,6133079000740
Chips Master Chawarmaa GM,6133079000702
Chips Master Cheese Balls GM,6133079001242
Chips Master Chwarma PM,6133079000146
Chips Master Corn Kabab Fumé,6133079001112
Chips Master Donuts Cheese PM,6133079001266
Chips Master Donuts Pizza PM,6133079001259
Chips Master Frite Fromage PM,6133079000122
Chips Master Fromage,6133079000306
Chips Master Fromage Cheddar PM,6133079000337
Chips Master Fromage Corn Piment PM,6133079000443
Chips Master Fromage Corn PM,6133079000436
Chips Master Fromage Piment PM,6133079000153
Chips Master Fromage Pizza GM,6133079001310
Chips Master Fromage Rouge GM,6133079001228
Chips Master Harissa PM,6133079001273
Chips Master Kabab,6133079000269
Chips Master Kabab PM,6133079000115
Chips Master Natural G,6133079001488
Chips Master Natural Ketchup,6133079001815
Chips Master Natural Ketchup,6133079001853
Chips Master Natural Onion G,6133079001471
Chips Master Natural Pepper,6133079001426
Chips Master Pepper,6133079001808
Chips Master Poulet,6133079000290
Chips Master Shawarma,6133079000252
Chips Master Shrimp GM,6133079000726
Chips Master Veggie,6133079001693
Chips Rifkus BBQ,6135418001760
Chips Rifkus Cheese,6135418001906
Chips Rifkus Chicken,6135418001661
Chips Rifkus Corn Balls,6135418001586
Chips Rifkus Crispy Rings,6135418001630
Chips Rifkus Puffs Corn,6135418001579
Chips Rifkus Three Cheese,6135418001692
Chips Silver Barbecue MM,6135199000525
Chips Silver Chawarma GM,61351990012101
Chips Silver Creme Oignon GM,6135199000440
Chips Silver Creme Oignon PM,6135199001324
Chips Silver Creme Oinon MM,6135199000549
Chips Silver Fromage GM,6135199000402
Chips Silver Fromage PM,6135199001300
Chips Silver Ghili Lime PM,6135199001270
Chips Silver Ketchup GM,6135199001232
Chips Silver Ketchup MM,6135199001256
Chips Silver Ketchup PM,6135199001249
Chips Silver Nature Salé GM,6135199000297
Chips Silver Nature Salé PM,6135199000631
Chips Silver Pizza MM,6135199000723
Chips Silver Sauce Algerienne MM,6135199001294
Chips Sultan French Cheese,6134447000089
Chips Sultan Masala,6134447000690
Chips Sultan Onion,6134447000355
Chips Sultan Sweet Chilli,6134447000898
Chips Sultan Tacos,6134447000645
Chips Tassala Crisp Taxi,6135206002726
Chips Taxi GM,6135206000869
Chips Vag d'or Barbecue GM,6132503580032
Chips Vag d'or Fromage PM,6132503580148
Chips Vag d'or Ketchup GM,6132503580063
Chips Vag d'or Poulet Fumé GM,6132503580070
Chips Vag d'or Poulet Fumé PM,
Chips Vag d'or Poulet PM,6132503580162
Chips Vag d'or Salé GM,6132503580025
Chips Vag d'or Salé PM,6132503580018
Chips Vag d'or Tomate PM,6132503580322
Chiwawa (?????),
Chiwawa Balls,6134067002074
Chococlat Celebrity Mini Bare,6132175400799
Chococlat Celebrity Twin,6132175403677
Chocolat Ambassadeur Blanc Tablette,6130014080010
Chocolat Ambassadeur Fourré Tablette,6130014350069
Chocolat Ambassadeur Noir Tablette,6130014080119
Chocolat Amine,
Chocolat Bara Kids Cereal,6132659100016
Chocolat Bara Kids Rice,6132659100023
Chocolat Barre Elite Amandes Blanche,6132374000103
Chocolat Barre Elite Cacahuete,6132374000073
Chocolat Barre Elite Cereal,6132374000172
Chocolat Barre Elite Cereale Noire,6132374000165
Chocolat Barre Elite Noisette,6132374000097
Chocolat Barre Elite Noix De Coco,6132374000059
Chocolat Bibila Donuts,6134387000170
Chocolat Bounty Barre,
Chocolat Brownie,6132501541608
Chocolat Browniz,6134426000123
Chocolat Bueno Joker Bare,6135197001616
Chocolat Celebrity Barre,6132501547112
Chocolat Cocoaty Sport,6135275002108
Chocolat Cot d'or Baton,
Chocolat Cote D'or Barre,
Chocolat Cote Dor Tablette,7622210995063
Chocolat Crunch,8000300300390
Chocolat Galaxy Caramel,5900951313103
Chocolat Galaxy Smouth Caramel Tablette,5900951027710
Chocolat Galaxy Smouth Milk Tablette,5000159553018
Chocolat Grandina Bare,6132175401918
Chocolat Granola,6132428200015
Chocolat Granola Energy,6133172000135
Chocolat Happy Bare Choco,6133414008837
Chocolat Happy Chocolat,6133414006932
Chocolat Happy White,6133414008219
Chocolat Kinder Bueno,8000500037560
Chocolat Kinder Bueno White,8076161
Chocolat Kinder Country,
Chocolat Kinder Maxi,
Chocolat Kit Kat,
Chocolat Kit Kat Chocolat Blanche,8445290552150
Chocolat Kit Kat Chocolat Noir,
Chocolat Kit Kat Chocolat au Lait,
Chocolat Kit Kat Chunky,3800020456224
Chocolat Kool Cracks,6133414008264
Chocolat Kool Crokin,6133414008653
Chocolat Krispino Bare,6132175401819
Chocolat Lindt Créme tablette,3046920042567
Chocolat Lindt Lindor Tablette,3046920042963
Chocolat Lindt Noir Tablette,3046920042932
Chocolat Lindt Pistachio Tablette,30469200201383
Chocolat Lion Bare,
Chocolat Liya Banane,6134067003200
Chocolat Liya Cerise,6134067000506
Chocolat Liya Pomme,613406700250
Chocolat M&m's,5000159477598
Chocolat M&n,6132256700114
Chocolat Magma Feuilletine Barre,6133414012209
Chocolat Magma Oreo Barre,6133414012216
Chocolat Magma Tablette Caramel,6133414012148
Chocolat Magma Tablette Lait,6133414012384
Chocolat Magma Tablette Noisete,6133414012155
Chocolat Magma Tablette Oreo,6133414012179
Chocolat Magma Tablette Praline,613414012155
Chocolat Mars Barre,
Chocolat Maruja,6132516860060
Chocolat Maxon 100g Noisete,6133414000794
Chocolat Maxon Gold Lait,6133414011684
Chocolat Maxon Gold Oreo,6133414011677
Chocolat Mini Cones,6132521470018
Chocolat Mini Cones Pistache,6132521470087
Chocolat Mini Cornes Mouta,6132604700025
Chocolat Mini Cornes Noisette,6132521470032
Chocolat Moment Bare Caraibes,6133414015408
Chocolat Moment Bare djazair,6133414015415
Chocolat Moment Barre Caramelle,6133414008066
Chocolat Moment Barre Dore Noisete,6133414010380
Chocolat Moment Barre Dore Pate Noisete,6133414010366
Chocolat Moment Barre Noisete Chocolat Blanche,6133414010175
Chocolat Moment Barre Noisette,6133414008172
Chocolat Moment Barre Oreo,6133414008073
Chocolat Moment Barre le Doré Feuillante,6133414010373
Chocolat Moment Croquant Amandes,6133414008943
Chocolat Moment Croquant Noir,6133414009070
Chocolat Moment Croquant Noisette Raisin Tablette,6133414008981
Chocolat Moment Croquant Noisettes Tablette,6133414008967
Chocolat Moment Doré Mini Bare,
Chocolat Moment Evasion Noisette,6133414012865
Chocolat Moment Evasion Pistache Barre,6133414012889
Chocolat Moment Evasion Pistache Tablette,6133414012858
Chocolat Moment Evasion Praline,6133414012872
Chocolat Moment Le Doré Tablette,6133414010359
Chocolat Moment Le Doré Tablette Chocolate,6133414010335
Chocolat Moment Le Doré Tablette Noisette,6133414010779
Chocolat Moment Tablette Amandes,6133414006987
Chocolat Moment Tablette Chocolat Mousse,6133414015354
Chocolat Moment Tablette Chocolat nois,6133414015910
Chocolat Moment Tablette Dore Caramel,6133414006963
Chocolat Moment Tablette Dore Lait,6133414003979
Chocolat Moment Tablette Dore noisete,
Chocolat Moment Tablette Noisette,6133414004051
Chocolat Moment Tablette Orio,6133414007007
Chocolat Moment Tablette Praline-Noisete,6133414010120
Chocolat Moment Tablette Raisin,6133414007045
Chocolat Montiko Barre,6134886000336
Chocolat Montimix,6134886001876
Chocolat Nutela B-Ready,
Chocolat Nutella Biscuit,8000500310397
Chocolat Nutella Country,
Chocolat Poudre,
Chocolat Qaada Tablette,6135129001097
Chocolat Quickly Barre,
Chocolat Saison Dubai,6135275002375
Chocolat Snickers Barre,
Chocolat Snowball,6134427001297
Chocolat Soltana au Lait,6133414008462
Chocolat Tablette Elite Amande,6132374000219
Chocolat Tablette Elite Noisette,6132374000226
Chocolat Tartine,
Chocolat Toblerone,76145513
Chocolat Twix,
Chocolat Yami,6132413700032
Cigarette Prima Rolio,6130200203018
Cigaro Choco,6135083001607
Crepa,
Croissant,
Croissant Fourré,
Croissant Matinée,6132546530018
Crème (Café au Lait),
Cuillére a Café,
Cure Dents,
D ??????,
D ????????,
D ??????,
Davidoff Café Capsules,
Dose Maxwell Fine,
Dose Maxwell House,
E ??????,
E ????????,
E ??????,
Eau 5L,
Eau Aninos GM,6136286000022
Eau Aninos PM,
Eau Ariaf 1L,
Eau Ariaf GM,6135829000024
Eau Ariaf PM,6135829000017
Eau Arwa GM,6133489001504
Eau Arwa PM,
Eau Ayris 1L,6130534000253
Eau Besbassa GM,6134082000017
Eau Besbassa PM,6134082000024
Eau Bouglez 1L,6130576001386
Eau Bouglez GM,6130576000020
Eau Bouglez PM,6130576000099
Eau Djazia PM,6135910000025
Eau Ghadir GM,6134720000010
Eau Ghadir PM,6134720000027
Eau Guedila 1L,6130758000077
Eau Guedila GM,6130758000022
Eau Guedila PM,6130758000015
Eau Ichemoul GM,6135534000036
Eau Ichemoul PM,6135534000029
Eau Ifren GM,6133561000036
Eau Ifren PM,6133561000029
Eau Ifri GM,
Eau Ifri PM,
Eau Kantara GM,6130131000014
Eau Kantara Pm,6130131000021
Eau Lalla Khedidja PM,6130234001161
Eau Lalla khedidja GM,6130234001147
Eau Mansourah PM,6130364000072
Eau Medjana PM,6135617000021
Eau Mileza GM,6130900000016
Eau Mileza PM,6130900000023
Eau Nestle GM,6130794000116
Eau Nestlé PM,
Eau Noua GM,6132389300014
Eau Noua PM,6132389300021
Eau Ouwis GM,6135240000016
Eau Ouwis PM,6135240000030
Eau Ovitale GM,6130142000201
Eau Ovitale PM,6130142000218
Eau Saida GM,6133275000018
Eau Saida PM,6133275000025
Eau Soumam GM,
Eau Soumam PM,6134318000064
Eau Taya PM,6135366000020
Eau Youkous GM,6130686000170
Espresso Dz,
F ??????,
F ??????,
Fourchette Plastique,
Fromage Bidon,
Fromage Slays,
Fruseco Acajo,6132501840091
Fruseco Amande,6132501840053
Fruseco Pistache,6132501840015
G ??????,
G ??????,
Gateau Brino GM,6132501540311
Gateau Brino PM,6132501541462
Gateau Cherchell Chocolat,6130619003049
Gateau Cherchell Fraise,6130619003056
Gateau Cherchell Fraise Pie,6130619002677
Gateau Cherchell Vanille,6130619003100
Gateau Cherchell Yaourt,6130619003094
Gateau Chocolat Bejaouia,
Gateau Chocolat Oreo,
Gateau Cigar,
Gateau Cigarette,
Gateau Kool 4 Winners,6133414007137
Gateau Le Mosaique,6132501547853
Gateau Star Lu,6132011100531
Gauffrette Wafer Choco,6133414011530
Gaufrette Amine,6132500891254
Gaufrette Bifa Wafer Choco,6132501543077
Gaufrette Bilux Cacahuéte/Fraise,6135418001524
Gaufrette Bilux Chocolat,6135418001494
Gaufrette Bilux Noisette,6135418001500
Gaufrette Croustille LU,6132011101293
Gaufrette Croustille LU Pocket,6132011101088
Gaufrette Gofretto,613250151036
Gaufrette Kool Break Chocolat,6133414005607
Gaufrette Kool Break Dark,6133414009537
Gaufrette Kool Break Maxi,6133414012537
Gaufrette Kool Break Maxi Blanc,6133414013510
Gaufrette Kool Break Maxi Pistache,6133414015576
Gaufrette Kool Break White,6133414007540
Gaufrette Kool Supreme Chocolat,6133414007113
Gaufrette Kool Supreme Mini,
Gaufrette Kool Supreme White,6133414010229
Gaufrette Kool Supreme White Hazelnut,6133414008509
Gaufrette Kool Supreme XL,6133414011059
Gaufrette Maxon Orio,6133414010878
Gaz Ghadir 33 CL Ananas,6133253000429
Gaz Ghadir 33 CL Cidre,6133253000443
Gaz Ghadir 33 CL Citronade,6133253001549
Gaz Ghadir 33 CL Cola,6133253000689
Gaz Ghadir 33 CL Framboise,6133253000481
Gaz Ghadir 33 CL Grenadine,6133253001556
Gaz Ghadir 33 CL Orange,6133253000368
Gaz Ghadir 33 CL Orangeade,6133253001563
Gaz Hamoud Boualem 24 CL Cola CT,6130695113878
Gaz Hamoud Boualem 24CL 0 Blanche,6130695114301
Gaz Hamoud Boualem 24CL 0 Celecto,6130695114295
Gaz Hamoud Boualem 24CL 0 Cola,6130695114318
Gaz Hamoud Boualem 24CL Ananas CT,6130695113830
Gaz Hamoud Boualem 24CL Blanche CT,6130695113885
Gaz Hamoud Boualem 24CL Celecto CT,6130695113892
Gaz Hamoud Boualem 24CL Citron CT,6130695113854
Gaz Hamoud Boualem 24CL Litchi CT,6130695113861
Gaz Hamoud Boualem 24CL Orange CT,6130695113823
Gaz Hamoud Boualem 24CL Pomme CT,6130695113847
Gaz Hamoud Boualem 25CL Ananas,6130695113946
Gaz Hamoud Boualem 25CL Celecto,6130695113939
Gaz Hamoud Boualem 25CL Citron,6130695113953
Gaz Hamoud Boualem 25CL Fraise,6130695114004
Gaz Hamoud Boualem 2L Ananas,
Gaz Hamoud Boualem 2L Blanche,
Gaz Hamoud Boualem 2L Pomme,
Gaz Hamoud Boualem 33 CL Ananas,6130695112567
Gaz Hamoud Boualem 33 CL Blanche,6130695111287
Gaz Hamoud Boualem 33 CL Celecto,6130695111270
Gaz Hamoud Boualem 33 CL Citron,6130695111300
Gaz Hamoud Boualem 33 CL Fraise,
Gaz Hamoud Boualem 33 CL Orange,6130695111294
Gaz Hamoud Boualem 33 CL Pomme,6130695113588
Gaz Hamoud Boualem 33CL Cola,6130695113533
Gaz Izem Cafeine CT,6130093063720
Gaz Izem Cerise,6130093067353
Gaz Izem Cerise CT,6130093067254
Gaz Izem Coco Myrtille,6130093068145
Gaz Izem Coco Myrtille CT,6130093067636
Gaz Izem Fruits Rouges,6130093068916
Gaz Izem Mangue,6130093068909
Gaz Izem Original,6130093063706
Gaz Izem Pasteque fraise,6130093068138
Gaz Izem Pasteque fraise CT,6130093067629
Gaz Izem Poir,6130093068961
Gaz Izem Pomme Figue,6130093067346
Gaz Izem Pomme Figue CT,6130093067261
Gaz Izem Tropical,613009369173
Gaz N'Gaous CT,
"Gaz N'Gaous PM 17,5 CL",6132457700210
Gaz N'Gaous PM 33 CL,
Gaz Ngaous 33CL Orange,6132457700180
Gaz Ngaous CT,
Gaz Orangina PM,6132007100132
Gaz Schweppes Ananas 33CL,6130003016136
Gaz Schweppes Grenadine 33CL,6133166001292
Gaz Schweppes Grenadine CT,6130003014385
Gaz Schweppes Menthe 33CL,613000316143
Gaz Schweppes Mohito 33CL,613000016143
Gaz Tazej Pulpe Agrumes,6132504576867
Gaz Tazej Pulpe Orange,6132504576355
Gaz Vichy Ifri 33 CL Citron,6130093068206
Gaz Vichy Ifri GM,6130093060644
Gaz Vichy Ifri PM,6130093010335
Ghaufrette Obimo Wafer,6130505000312
Ghaufrette Wafer Fruits,6133414011073
Ghaufrette Wafer Noisette,6133414011103
Gobelet Cristal,
Gobelet Jus,
Gobelet Pour Thé,
H ??????,
H ??????,
Huile Cafétéria,
I ??????,
Ice Cream Cornito Chocolat,6132501703792
Ice Cream Cornito Vanille,6135958000407
Ice Cream Eskimo Chocolat,6130624000903
Ice Cream Eskimo Vanille,6130624000200
Ice Cream Gobelet Citron,6132501703228
Ice Cream Gobelet Fraise,6132501703099
Ice Cream Gobelet Vanille Chocolat,6132501703136
Ice Cream Mini Chocolat,6132501703587
Ice Cream Mini Fraise,6132501703600
Ice Cream Mini Vanille,6132501703594
Ice Cream Misou Vanille Chocolat,6132501704881
Ice Cream Sandwich,6132501703921
Ice TEA Rouiba,6130002005070
Jalousie,
Jouzia,
Jus Azro Red,6130093058344
Jus Azro blue,6130093056807
Jus BK Energie,6132122400360
Jus Daily Boite,6132501549512
Jus Daily Boite Mangue,6134427001679
Jus Daily Joy Boite,6134427000122
Jus Ifruit 2L Ananas,
Jus Ifruit 2L Carotte,
Jus Ifruit 2L Citron,
Jus Ifruit 2L Cocktail,
Jus Ifruit 2L Raisin,
Jus Ifruit 30 CL Péche Abricot,6130093067971
Jus Ifruit 33 CL Ananas,6130093067988
Jus Ifruit 33 CL Carotte,6130093067933
Jus Ifruit 33 CL Cerise,6130093068466
Jus Ifruit 33 CL Citron,6130093067957
Jus Ifruit 33 CL Mangue,6130093067995
Jus Ifruit 33 CL Orange,6130093067926
Jus Ifruit 33 CL Péche,6130093067964
Jus Ifruit 33 CL Raisin,6130093068008
Jus Ifruit 33 CL Tropical,6130093056890
Jus Ifruit Boite 33 CL Ananas,6130093067803
Jus Ifruit Boite 33 CL Ananas au Lait,6130093069258
Jus Ifruit Boite 33 CL Citronade,6130093067766
Jus Ifruit Boite 33 CL Fraise,6130093067872
Jus Ifruit Boite 33 CL Noix de Coco,6130093069579
Jus Ifruit Boite 33 CL Orange,6130093067773
Jus Ifruit Boite 33 CL Orange Citron Carrot,6130093067796
Jus Ifruit Boite 33 CL Peche Orange,6130093067810
Jus Ifruit Boite 33 CL Raisin,6130093067834
Jus Ifruit Boite 33 CL Tropical,6130093067780
Jus Ifruit Boite Banane Pomme,6130093066172
Jus Ifruit Boite Fraise Raisin,6130093066288
Jus Ifruit Boite Fruit Rouge,6130093066820
Jus Ifruit Boite Orange Mangue,6130093066134
Jus Ifruit au Lait 33 CL Banane,6130093062433
Jus Ifruit au Lait 33 CL Fruit Rouge,
Jus Ifruit au Lait 33 CL Mangue,6130093068046
Jus Ifruit au Lait 33 CL Orange,6130093056937
Jus Ifruit au Lait 33 CL Raisen Fraise,6130093068022
Jus Izem Poir,6130093068848
Jus Kidy Boite 20cl,6132344700262
Jus King Cocktail,6135643000149
Jus King Fraise,6135643000101
Jus King Orange,6135643000132
Jus Pressé Banane,
Jus Pressé Cocktail,
Jus Pure Poire,6132507022101
Jus Rami 33 CT,
Jus Rouiba 33 CL Citronad Ment,6130002005476
Jus Rouiba 33 CL Raisin,6130002005377
Jus Rouiba Boite Cocktail,6130002001690
Jus Rouiba Boite Raisin Grenadine,6130002006114
Jus Rouiba Exellence 25 CL Grenadine,6130002003175
Jus Rouiba Exellence 25 CL Mangue,6130002003632
Jus Rouiba Exellence 25 CL Orange,6130002005759
Jus Rouiba Exellence 25 CL Orange Pomme,6130002005834
Jus Rouiba Exellence 25 CL Poir,6130002003441
Jus Rouiba Exellence 25 CL Pomme,6130002004325
Jus Rouiba Exellence 25 CL Raisin,6130002004240
Jus Rouiba Exellence 25 CL Raisin Grenadine,
Jus Rouiba Notre Energie 33CL,
Jus Star Abricot,6133018000053
Jus Star Péche,
Jus Tazej Ananas,6132504574252
Jus Tazej Cocktail,6132504574276
Jus Tazej Fraise Banane,6132504575686
Jus Tazej Kiwi,6132504574306
Jus Tazej Mandarine,6132504574313
Jus Tazej Mangue,6132504575693
Jus Tazej Orange,6132504574320
Jus Tazej Orange Ananas,6132504574795
Jus Tazej Raisin,6132504574351
Jus rouiba 33 CL Orange,6130002005254
KOOL MINI,
Kabir Infussion Gingembre au Miel (???????? ??????),
Kabir Infussion Graines de Fenouil (????? ???????),
Kabir Infussion Thé Vert a La Manthe (???????),
Kabir Infussion Zaater (????),
Kollogg's Coco Pops Barre,
Kollogg's Frosties Barre,
Lait Candia,6130433000019
Lait Soumam,6130760003189
Lait au Chocolat,
Lamina Swareen,6134845005648
Les Palmiers,
Lingette,6134102000232
Lipton Insussion Thé Black,
Lipton Insussion Thé Yellow Label,
Lore Café Capsules,
Louzia,
M et M'S,
Madeleine Double Dulcesol Abricot,8410087650012
Madeleine Double Dulcesol Cacao,8410087021812
Madeleine Double Dulcesol Fraise,8410087021829
Madeleine Double Dulcesol Noir,8410087650050
Madeleine Dulcesol Carre Cacao,6134961000053
Madeleine Dulcesol Carre Caramel,6134961001333
Madeleine Dulcesol Carre Moka,6134961001265
Madeleine Dulcesol Carre Truffe,6134961000152
Madeleine Dulcesol Mini Pandorino,6134961000923
Madeleine Dulcesol Pandorino,6134961000336
Madeleine Dulcesol Snack,6134961000145
Madeleine Gusti,6134427001266
Madeleine Gusti Cake,6134427001273
Madeleine Roulé Dulcesol Creme PM,6134961000084
Madeleine Roulé Dulcesol GM,6134961000077
Madeleine Roulé Dulcesol PM,
Maxwell House Café Capsules,
Maxwell House Café Soluble Mousse,
Maxwell House Cappucino,
Meringue,6132482400048
Milka Caramel Tablette,7622210615084
Milka Chips Ahoy Tablette,7622210269249
Milka Chocolat Dessert Tablette,7622300026752
Milka Fraise Tablette,
Milka Noisete Tablette,3045140118502
Milka Oreo Brownie Tablette,7622210956163
Milka Raisin Noisette Tablette,
Milka Triple Choco Tablette,7622210609908
Mille Feuille,
Mokate Gold Cappucino Caraml,5900649060036
Mokate Gold Chocolat,5900649052680
Mokate Gold Classique,
Mokate Gold Vanie,
Moment Caraibes,6133414014562
Moment Tablette Dubai,CAF-CHO-DUBI
Nescafé Classique Dose,
Nescafé Gold Dose,
Nespresso Café Capsul,
Noisette,
Noisette au Miel (?????? ??????),
Noix De Cajou,
Nougat Blanc,6007583006348
Noyer (???),
Nutiss Amande,6132271600185
Nutiss Noix de Cajou,6132271600192
Nutiss Pistache,6132271600178
Paille,
Paillette de Jus,
Pain Burger,
Pain Libanais,
Pain Simple,
Pain Suisse,
Papier Aluminium,
Papier Cuissant,
Papier Mouchoir,6133559000376
Pectol Frech Eacaltus Flavour,84115539
Pectol Frech Ginger et Proplis,84115225
Pectol Frech Herbal Flavour,84115232
Pectol Frech Orange Flavour,84115713
Petit Pain,
Pistache,
Pop Corn,
Pop Corn Mélange,
Qaada Cookie,6135129001318
Raouaie Acham Insussion Thé,
Raya Acajou,6135179000057
Raya Amande,6135179000026
Raya Pistache,6135179000033
Regalo Pistache,613341013824
Rouiba 33 CL Cocktail,6130002005285
Rouiba 33 CL Fraise Citron,6130002005599
Royal Café Capsul,
Sac 0.5 KG,
Sac Croissant,
Sac Fruit Sec,
Sac Poubelle 5kg,
Sac Sandwich GM,
Sac Sandwich PM,
South Africa Insussion Thé,
Spatule a Café,
Sucre Dode,
Sucre Poudre,
Swareen Daffodil,6134845000858
Swareen Scusa Blanc,6134845005846
Swareen Scusa Choco,613484006393
Tabnija Miel,7563245412319
Tartelette Caramel,
Tartulate Au Chocolat,
Tartulate Fruit Sec,
Thé,
Thé Al Firdaous,6973447240015
Thé Maison,
Thé Staff,
Thé Verveine Louiza,133070001708
Twist Candia Fraise-Banane,6130433000484
Twist Candia Orange-Ananas,6130433000323
Twist Candia Orange-Mangue,6130433000491
Twist Candia Peche-Abrico,6130433000330
Vitale Infussion Thé Camomille (????????),
Vitale Infussion Thé Poliot (???? ???????),
Vitale Infussion Thé Thym (??????),
Vitale Infussion Thé Verveine,
Vitale Infussion Thé au Caramel (????????),
Vitale Infussion Thé au Fruits des Bois (??????? ???????),
Westminister South African,
Westminister South Thé Vert Orange,
Westminister South Thé Vert Vanille,
Westminster Infussion Thé,
Westminster Infussion Thé Digestion,
Yaourt Yago Fraise PM,6130760000355
Yaourt Yago Grenadine PM,6130760006074
Yaourt Yago Péche PM,61307930000430
??????,
???? / ???? / ???????,
???? / ???? / ??????? A,
???? / ???? / ??????? B,
???? / ???? / ??????? C,
????????,
??? / ??????,
??? / ?????? A,
??? / ?????? B,
??? / ?????? C,
??????,
