N,Section,Designation
1,Pates,spaghitti sim 500g C/10KG
2,Pates,Petit Coude N°4 sim C/10
3,Pates,Pate Rossort Sim C/10
4,Pates,Vermicelle Sim/500g C/20
5,Pates,Couscous Taami Sim MOYEN 1Kg C/12kg
6,Pates,Tagliatelle 450 g C/10
7,Pates,Les lasagnes
8,Agro alimentaire,cafe caps B/10 F/20
9,Agro alimentaire,cafe 1001 F/20
10,Agro alimentaire,"Olive Noire C/2,5kg"
11,Agro alimentaire,Olive Noire C/5kg
12,Agro alimentaire,Olive Violette B/3 kg
13,Agro alimentaire,"Olive Denoiyautee B/2,5kg"
14,Agro alimentaire,Olive Cassé Grillet B/4Kg
15,Agro alimentaire,"Olive Tranchee 2,5kg"
16,Agro alimentaire,Olive Tranchee 5kg
17,Agro alimentaire,Echalote B/3kg
18,Agro alimentaire,Cornicho B/3kg
19,Agro alimentaire,olive noire tranche b/2kg F/3
20,Agro alimentaire,olive noire 2kg f/3boites
21,Agro alimentaire,Huile D'olive 1L c/10
22,Agro alimentaire,Hamiss B/ 2KG
23,Agro alimentaire,PIMENT CONSTANTINE (MARKADE )B/2Kg
24,Agro alimentaire,HIULE D'OLIVE VIERGE 5L F/4
25,Agro alimentaire,HIULE D'OLIVE VIERGE 1L F/6 VERRE
26,Agro alimentaire,HIULE D'OLIVE VIERGE 75CL F/12
27,Agro alimentaire,JAMBON POULET 1KG
28,Agro alimentaire,SALAMI VIANDE 1/KG
29,Agro alimentaire,LOUNCHON POULET
30,Agro alimentaire,"Champignon HARA 2,4Kg F/6"
31,Agro alimentaire,Thon le Grand bleu 2kg C/6
32,Agro alimentaire,Thon Francisco 400gr C/12
33,Agro alimentaire,"Thon Marinara 1,8kg C/6"
34,Agro alimentaire,Tomate Hara 800g C/12
35,Agro alimentaire,Harissa Hara 760g C/12
36,Agro alimentaire,Harissa Teloise 760 g C/12
37,Agro alimentaire,"Mais 2,4 kg hara F/6"
38,Agro alimentaire,Mayounnaise LESIEUR 710 gr F/12
39,Agro alimentaire,"Mayounnaise LESIEUR 2,5 kg"
40,Agro alimentaire,Motard dijon 810gr F/6
41,Agro alimentaire,Ketchup DAILY 1L F/9
42,Agro alimentaire,Sauce PIZZA B4KG latina
43,Agro alimentaire,Ananas Tranches golden land820g F/12
44,Agro alimentaire,Huil Elio 5L
45,Agro alimentaire,Margarine Fleurial PLAQ500g C/16
46,Agro alimentaire,Margarine La belle 500 g C/24
47,Agro alimentaire,Margarine DIMA 500g C/24
48,Agro alimentaire,BEURRE STAR 200G C/20
49,Agro alimentaire,"Smane MORDJANE C/1,8 Kg C/4"
50,Agro alimentaire,Sucre Skor 1Kg F/10
51,Agro alimentaire,Sucre Roux Skor 1Kg F/10
52,Agro alimentaire,Sucre Skor Glace MORDJANE 1 Kg F/12
53,Agro alimentaire,Sucre Stick 8g BONAL B/200ps
54,Agro alimentaire,Farine Sim 1kg F/9
55,Agro alimentaire,Farine MAMA 25KG
56,Agro alimentaire,Farine MAMA T451kg
57,Agro alimentaire,Semoule Fine Sim 10 Kg
58,Agro alimentaire,Lentille Rouge 10Kg
59,Agro alimentaire,Lentille vert 10kg
60,Agro alimentaire,Pois Chiche N° 12 1Kg LA BELLE C/10
61,Agro alimentaire,Riz basmatti SAC 10Kg
62,Agro alimentaire,Frick EZZAD 800Kg C/10PS
63,Agro alimentaire,Raisin Sec 1kg
64,Agro alimentaire,Cacahuete BLANC1Kg
65,Agro alimentaire,Amande 1kg
66,Agro alimentaire,Amande Blanche 1kg
67,Agro alimentaire,Amande Effilée 1kg
68,Agro alimentaire,Noix 1kg
69,Agro alimentaire,Noix de cajou 1Kg
70,Agro alimentaire,Noix de coco 1Kg
71,Agro alimentaire,Noisette 1Kg
72,Agro alimentaire,Pistachio 1Kg
73,Agro alimentaire,Eau De Fleur PET 720ml casbah f/12
74,Agro alimentaire,SEL de cuisine ENASEL F/15
75,Agro alimentaire,Vinaigre Rouge Casbah F/12
76,Agro alimentaire,Vinaigre Blanc Casbah F/12
77,Agro alimentaire,Levure Chimique Nouara F/100
78,Agro alimentaire,levure Boulengerie SAF PLUS 500gr c/20
82,Agro alimentaire,BECARBONATTE SODA 1Kg EL FARES
84,Agro alimentaire,DIOULE EL AILA C/10*80
85,Agro alimentaire,the EL FERDOUAS
86,Agro alimentaire,THE EL RAKKI 125g F/8
87,Agro alimentaire,Jumbo 48 P
88,Agro alimentaire,Poivre Noire En Poudre 1KG EL FARES
89,Agro alimentaire,Poivre Blanc 1KG EL FARES
90,Agro alimentaire,Cannelle En Poudre 1KG EL FARES
91,Agro alimentaire,Cannelle Batonnes 1KG EL FARES
92,Agro alimentaire,Zafron 1KG En poudre EL FARES
93,Agro alimentaire,Cumin 1KG EL FARES
94,Agro alimentaire,Piment Doux 1KG EL FARES
95,Agro alimentaire,Gingembre En Poudre 1KG EL FARES
96,Agro alimentaire,Graine de Sesame 1kg EL FARES
97,Agro alimentaire,Thym en Poudre 1KG EL FARES
98,Agro alimentaire,Ail en Poudre 1KG EL FARES
99,Agro alimentaire,Ras El Hanout 1KG EL FARES
100,Agro alimentaire,Curcumin 1KG EL FARES
101,Agro alimentaire,piment piquant 1KG EL FARES
102,Agro alimentaire,Curry 1KG EL FARES
103,Agro alimentaire,Carvi 1KG EL FARES
104,Agro alimentaire,Clou de Girofle
105,Agro alimentaire,Anis Etoile 1kg
106,Agro alimentaire,Graine de Noire 1kg sanoudj
107,Agro alimentaire,oigon en Poudre 1kg
108,Agro alimentaire,Epice marinee poulet 1kg
109,Agro alimentaire,Epice Chawarma 1kg
110,Agro alimentaire,KOSBER 1kg
111,Agro alimentaire,epice fromage b/1kg
112,Produit laitier,Lait Candia 1L
113,Produit laitier,LAIT SOUMAM F/6
114,Produit laitier,Lait Candia En Poudre 500g C/12
115,Produit laitier,Lait milko spray en poudre 500g C/12
116,Produit laitier,Lait LOVLY en poudre 10KG
117,Produit laitier,Lben Candia 1L
118,Produit laitier,RAIB CANDIA 1L
119,Produit laitier,Créme Fraiche Fondélice 900 ml
120,Produit laitier,Créme Fraiche Le Maitre 1L f/6
121,Produit laitier,"Créme Fraiche Le maitre 0,5L f/12"
122,Produit laitier,Créme Fraiche COCINA 35% 1L F/4L
123,Produit laitier,Fromage Ramdy 600 g
124,Produit laitier,"Fromage CHEEZY 1,5g"
125,Produit laitier,Fromage Sliece C/28 cheezy
126,Produit laitier,"Fromage Fondu MONT DOR 1,8KG"
127,Produit laitier,"Fromage Fondu MONT DOR 3,6KG"
128,Produit laitier,Fromage RICOS 1KG
129,Produit laitier,Fromage Cook Cheese 1KG
130,Produit laitier,Camembert Zakkar 250 G
131,Produit laitier,Camembert Zakkar 350 G
132,Produit laitier,Camembert Zakkar 120 G
133,Produit laitier,Mascarpone 500G SO TACOS F/8
134,Poulet,poulet
135,Poulet,Blanc De Poulet
136,Poulet,Cuisse De Poulet
137,Poulet,Escalope De Poulet
138,Poulet,Escalope De Dinde
139,Poulet,Ouefs
140,Boissons,JUS BIFA 125ML F/48
141,Boissons,CANDIA CHOCOLAT 20CL F/18
142,Boissons,jus rouiba 20cl f/30
143,Boissons,Schweppes PET 33CL F/12
144,Boissons,Schweppes Canette 14 CL F/24
145,Boissons,Hamoud Canette 24CL F/24
146,Boissons,Hamoud PET 33 CL F/12
147,Boissons,JUS TCHINA 2L F/6
148,Boissons,Jus Waniss 1L F/6
149,Boissons,JUS IFRUIT 33CL F/12
150,Boissons,NGAOUAS 33CL F/12
151,Boissons,ORANGINA 33CL F/12
152,Boissons,"Eau GUIDILA 0,5L F/12"
153,Boissons,"Eau GUIDILA 1,5L F/6"
154,Boissons,Eau NEW 1L /6 LLK
155,Boissons,"Eau Lala Khedidja 1,5 L /6"
156,Boissons,"Eau Lala Khedidja 0,5 CL F/12"
157,Boissons,"IFRI VICHY 0,33CL F/12"
158,Boissons,"IFRI VICHY CITRON 0,33CL F/13"
159,Gateaux et chocolat,Beurre 100% 10g C/480 PS dosette
160,Gateaux et chocolat,Beurre Melenege 10g C/480 dosette
161,Gateaux et chocolat,Confiture 20g fraise/pomme/abricot dosette
162,Gateaux et chocolat,Succedane Miel 20g C/480ps dosettte
163,Gateaux et chocolat,Chocolat 10g C/480ps dosette
164,Gateaux et chocolat,Sucre STick 8g C/10kg
165,Gateaux et chocolat,Madelaine Foureé 6u c/120ps
166,Gateaux et chocolat,Roule Foureé c/36
167,Gateaux et chocolat,CACAO MARON En Pondre 1Kg
168,Gateaux et chocolat,GELATINE EN POUDRE
169,Gateaux et chocolat,colorant Fructa 20g
170,Gateaux et chocolat,la vanille liquide 1L
171,Gateaux et chocolat,LA VANILLE EN POUDRE LA BOREF 500g C/12
172,Gateaux et chocolat,PATE AROME PISTACHE F/6
173,Gateaux et chocolat,CHANTILLY SAC 5KG RACIM
174,Gateaux et chocolat,CHANTILLY SEAU 3KG RACIM
175,Gateaux et chocolat,"cerise confite seau 1,8kg"
176,Gateaux et chocolat,colorant alimentaire 1kg
177,Gateaux et chocolat,Lait en poudre en poudre lovly 0% sac10kg
178,Gateaux et chocolat,Amidon de mais sac 1kg
179,Gateaux et chocolat,fourrage décoration 450g TOPY CITRON/FRAISE F/12
180,Gateaux et chocolat,fourrage décoration 450g TOPY CERICE /MURE F/12
181,Gateaux et chocolat,creme de pistache 2Kg TOPY
182,Gateaux et chocolat,Caramel Toffee 3Kg TOPY
183,Gateaux et chocolat,FAUX PISTACHE 2Kg
184,Gateaux et chocolat,Beurre de Cacahuete Racim
185,Gateaux et chocolat,La Feuilletine 1kg
186,Gateaux et chocolat,FLAN NOUARA F/24
187,Gateaux et chocolat,chocolat noir Embassadeur c/25
188,Gateaux et chocolat,chocolat blanc Embassadeur c/25
189,Gateaux et chocolat,chocolat noisette DADA 240g
190,Gateaux et chocolat,chocolat au lait DADA 240g
191,Gateaux et chocolat,chocolat noir DADA 240g
192,Gateaux et chocolat,chocolat blanc DADA 240g
193,Gateaux et chocolat,CHOCOLAT TARTINER EL MORDJANE 700g f/6
194,Gateaux et chocolat,CHOCOLAT TARTINER EL MORDJANE noisette700g f/6
195,Gateaux et chocolat,CHOCOLAT TARTINER EL MORDJANE B/ 12kg
196,Gateaux et chocolat,CHOCOLAT TARTINER EL MORDJANE noisette B/12
197,Gateaux et chocolat,Miel ASSILA el mordjane1 KG c/12
198,Gateaux et chocolat,Miel ASSILA el mordjane5 KG
199,Gateaux et chocolat,Eau De Fleur casbah
200,Gateaux et chocolat,SUCRE GLACE EL MORDJANE 700G C/12
201,Gateaux et chocolat,MIEL EL MORDJANE 1KG C/12
202,Gateaux et chocolat,MIEL EL MORDJANE 5KG
203,Gateaux et chocolat,petite Beurre C/12
204,Emballage,barquette aluminium 650cl F/100
205,Emballage,Papier Aluminium420 CL
206,Emballage,Papier Film 200 M
207,Emballage,Papier Cuisson50 M
208,Emballage,GOBLET 6 oz LE PRINCE
209,Emballage,SAC SANDWICH CT 400P LE PRINCE
210,Emballage,CUILLERE GM 40PS/50CT RKMD
211,Emballage,CUILLERE PM 40PS/50CT RKDM
212,Emballage,BOITE PLASTIQUE CARRE 375ML C/1000PS
213,Emballage,VERINE EN PLASTIQUE AVEC COVERT ROND F/25
214,Emballage,GOBLET PLSTIQUE BLANC 30*100RKMD
