Reference,Article,Categorie,Conditionnement,Stocker_ici_ON,Conso_Hebdo_Estimee,Niveau_Min,Niveau_Cible,Commentaire
INV-001471,Madelaine Foureé 6u c/120ps,Café / Biscuits & Gâteaux,c/120ps,O,,,,
INV-001472,Roule Foureé c/36,Café / Biscuits & Gâteaux,c/36,O,,,,
INV-001509,petite Beurre C/12,Café / Biscuits & Gâteaux,C/12,O,,,,
INV-001447,CANDIA CHOCOLAT 20CL F/18,Café / Boissons,F/18,O,,,,
INV-001458,"Eau GUIDILA 0,5L F/12",Café / Boissons,F/12,O,,,,
INV-001459,"Eau GUIDILA 1,5L F/6",Café / Boissons,F/6,O,,,,
INV-001462,"Eau Lala Khedidja 0,5 CL F/12",Café / Boissons,F/12,O,,,,
INV-001461,"Eau Lala Khedidja 1,5 L /6",Café / Boissons,,O,,,,
INV-001460,Eau NEW 1L /6 LLK,Café / Boissons,,O,,,,
INV-001451,Hamoud Canette 24CL F/24,Café / Boissons,F/24,O,,,,
INV-001452,Hamoud PET 33 CL F/12,Café / Boissons,F/12,O,,,,
INV-001463,"IFRI VICHY 0,33CL F/12",Café / Boissons,F/12,O,,,,
INV-001464,"IFRI VICHY CITRON 0,33CL F/13",Café / Boissons,F/13,O,,,,
INV-001446,JUS BIFA 125ML F/48,Café / Boissons,F/48,O,,,,
INV-001455,JUS IFRUIT 33CL F/12,Café / Boissons,F/12,O,,,,
INV-001453,JUS TCHINA 2L F/6,Café / Boissons,F/6,O,,,,
INV-001454,Jus Waniss 1L F/6,Café / Boissons,F/6,O,,,,
INV-001456,NGAOUAS 33CL F/12,Café / Boissons,F/12,O,,,,
INV-001457,ORANGINA 33CL F/12,Café / Boissons,F/12,O,,,,
INV-001450,Schweppes Canette 14 CL F/24,Café / Boissons,F/24,O,,,,
INV-001449,Schweppes PET 33CL F/12,Café / Boissons,F/12,O,,,,
INV-001448,jus rouiba 20cl f/30,Café / Boissons,f/30,O,,,,
INV-001499,CHOCOLAT TARTINER EL MORDJANE 700g f/6,Café / Chocolat,f/6,O,,,,
INV-001501,CHOCOLAT TARTINER EL MORDJANE B/ 12kg,Café / Chocolat,B/ 12kg,O,,,,
INV-001502,CHOCOLAT TARTINER EL MORDJANE noisette B/12,Café / Chocolat,B/12,O,,,,
INV-001500,CHOCOLAT TARTINER EL MORDJANE noisette700g f/6,Café / Chocolat,f/6,O,,,,
INV-001496,chocolat au lait DADA 240g,Café / Chocolat,,O,,,,
INV-001498,chocolat blanc DADA 240g,Café / Chocolat,,O,,,,
INV-001494,chocolat blanc Embassadeur c/25,Café / Chocolat,c/25,O,,,,
INV-001497,chocolat noir DADA 240g,Café / Chocolat,,O,,,,
INV-001493,chocolat noir Embassadeur c/25,Café / Chocolat,c/25,O,,,,
INV-001495,chocolat noisette DADA 240g,Café / Chocolat,,O,,,,
INV-001484,Amidon de mais sac 1kg,Café / Divers,,O,,,,
INV-001465,Beurre 100% 10g C/480 PS dosette,Café / Divers,C/480 PS,O,,,,
INV-001466,Beurre Melenege 10g C/480 dosette,Café / Divers,C/480 dosette,O,,,,
INV-001490,Beurre de Cacahuete Racim,Café / Divers,,O,,,,
INV-001473,CACAO MARON En Pondre 1Kg,Café / Divers,,O,,,,
INV-001479,CHANTILLY SAC 5KG RACIM,Café / Divers,,O,,,,
INV-001480,CHANTILLY SEAU 3KG RACIM,Café / Divers,,O,,,,
INV-001488,Caramel Toffee 3Kg TOPY,Café / Divers,,O,,,,
INV-001469,Chocolat 10g C/480ps dosette,Café / Divers,C/480ps,O,,,,
INV-001467,Confiture 20g fraise/pomme/abricot dosette,Café / Divers,,O,,,,
INV-001505,Eau De Fleur casbah,Café / Divers,,O,,,,
INV-001489,FAUX PISTACHE 2Kg,Café / Divers,,O,,,,
INV-001492,FLAN NOUARA F/24,Café / Divers,F/24,O,,,,
INV-001474,GELATINE EN POUDRE,Café / Divers,,O,,,,
INV-001477,LA VANILLE EN POUDRE LA BOREF 500g C/12,Café / Divers,C/12,O,,,,
INV-001491,La Feuilletine 1kg,Café / Divers,,O,,,,
INV-001483,Lait en poudre en poudre lovly 0% sac10kg,Café / Divers,,O,,,,
INV-001507,MIEL EL MORDJANE 1KG C/12,Café / Divers,C/12,O,,,,
INV-001508,MIEL EL MORDJANE 5KG,Café / Divers,,O,,,,
INV-001503,Miel ASSILA el mordjane1 KG c/12,Café / Divers,c/12,O,,,,
INV-001504,Miel ASSILA el mordjane5 KG,Café / Divers,,O,,,,
INV-001478,PATE AROME PISTACHE F/6,Café / Divers,F/6,O,,,,
INV-001506,SUCRE GLACE EL MORDJANE 700G C/12,Café / Divers,C/12,O,,,,
INV-001468,Succedane Miel 20g C/480ps dosettte,Café / Divers,C/480ps,O,,,,
INV-001470,Sucre STick 8g C/10kg,Café / Divers,C/10kg,O,,,,
INV-001481,"cerise confite seau 1,8kg",Café / Divers,,O,,,,
INV-001475,colorant Fructa 20g,Café / Divers,,O,,,,
INV-001482,colorant alimentaire 1kg,Café / Divers,,O,,,,
INV-001487,creme de pistache 2Kg TOPY,Café / Divers,,O,,,,
INV-001486,fourrage décoration 450g TOPY CERICE /MURE F/12,Café / Divers,F/12,O,,,,
INV-001485,fourrage décoration 450g TOPY CITRON/FRAISE F/12,Café / Divers,F/12,O,,,,
INV-001476,la vanille liquide 1L,Café / Divers,,O,,,,
INV-001518,BOITE PLASTIQUE CARRE 375ML C/1000PS,Café / Emballage,C/1000PS,O,,,,
INV-001516,CUILLERE GM 40PS/50CT RKMD,Café / Emballage,,O,,,,
INV-001517,CUILLERE PM 40PS/50CT RKDM,Café / Emballage,,O,,,,
INV-001514,GOBLET 6 oz LE PRINCE,Café / Emballage,,O,,,,
INV-001520,GOBLET PLSTIQUE BLANC 30*100RKMD,Café / Emballage,,O,,,,
INV-001511,Papier Aluminium420 CL,Café / Emballage,,O,,,,
INV-001513,Papier Cuisson50 M,Café / Emballage,,O,,,,
INV-001512,Papier Film 200 M,Café / Emballage,,O,,,,
INV-001515,SAC SANDWICH CT 400P LE PRINCE,Café / Emballage,CT 400,O,,,,
INV-001519,VERINE EN PLASTIQUE AVEC COVERT ROND F/25,Café / Emballage,F/25,O,,,,
INV-001510,barquette aluminium 650cl F/100,Café / Emballage,F/100,O,,,,
