Nom_Complet,Masque
Ail (الثوم),Ail (?????)
Force Expresse (مزيل الدهون),Force Expresse (???? ??????)
A حلويات,A ??????
A ساندويتش,A ????????
A مملحات,A ??????
Abricot (مشمش),Abricot (????)
Ailes de Poulet (اجنحة الدجاج),Ailes de Poulet (????? ??????)
Ananas (أنناس),Ananas (?????)
Anti Fourmis (مضاد للنمل),Anti Fourmis (???? ?????)
Artichaut (قرنون),Artichaut (?????)
Aubergine (بدنجان),Aubergine (??????)
Avocat (أفوكادو),Avocat (???????)
B حلويات,B ??????
B ساندويتش,B ????????
B مملحات,B ??????
Baklava (بقلاوة),Baklava (??????)
Banane (موز),Banane (???)
Baton de Cannelle (قرفة عود),Baton de Cannelle (???? ???)
Betterave (الشمندر),Betterave (???????)
Beurre (زبدة),Beurre (????)
Blanc de Dinde (صدر الداند),Blanc de Dinde (??? ??????)
Blanc de Poulet (صدر الدجاج),Blanc de Poulet (??? ??????)
Brocoli (بروكلي),Brocoli (??????)
Brownies (براونيز),Brownies (???????)
C حلويات,C ??????
C ساندويتش,C ????????
C مملحات,C ??????
Cacahuétte (كاوكاو),Cacahuétte (??????)
Cacao (كاكاو),Cacao (?????)
Cacao (كوكاو),Cacao (?????)
Cajoux (كاجو),Cajoux (????)
Camembert Tifrali (كاممبر تيفرالي),Camembert Tifrali (?????? ???????)
Cannelle (قرفة ),Cannelle (???? )
Carotte (الجزر),Carotte (?????)
Cerise (الكرز),Cerise (?????)
Champignons (الفطر),Champignons (?????)
Chapelure (فتات الخبز),Chapelure (???? ?????)
Chiwawa (زريعة),Chiwawa (?????)
Chou Fleur (قرنبيط),Chou Fleur (??????)
Chou Kale (كرنب),Chou Kale (????)
Citron (الليمون),Citron (???????)
Citrouille (يقطين),Citrouille (?????)
Concombre (خيار),Concombre (????)
Cornichon (كورنيشون),Cornichon (????????)
Courgette (قرع صيفي),Courgette (??? ????)
Couscous (كسكس),Couscous (????)
Créme Fraiche Empreinte (كريمة سائلة),Créme Fraiche Empreinte (????? ?????)
Créme Fraiche Soumam (كريمة سائلة),Créme Fraiche Soumam (????? ?????)
Cuisse de Poulet (فخذ الدجاج),Cuisse de Poulet (??? ??????)
Cumun (كمون ),Cumun (???? )
Curcuma (كركم ),Curcuma (???? )
Céleri-Branche (فرع الكرفس),Céleri-Branche (??? ??????)
D حلويات,D ??????
D ساندويتش,D ????????
D مملحات,D ??????
Datte (تمر),Datte (???)
Dyoul (ديول),Dyoul (????)
Détart-Actif (نضاف),Détart-Actif (????)
E حلويات,E ??????
E ساندويتش,E ????????
E مملحات,E ??????
EPINARD (السلق),EPINARD (?????)
Epices (راس الحانوت),Epices (??? ???????)
Epices Felfel Akri (فلفل عكري),Epices Felfel Akri (???? ????)
Epices Fromage (توابل الجين),Epices Fromage (????? ?????)
Epices Poulet (توابل الدجاج),Epices Poulet (????? ??????)
Escalope de Poulet (شرائح الدجاج),Escalope de Poulet (????? ??????)
Esprit de Sel (روح الملح),Esprit de Sel (??? ?????)
Etoile de Terre (نجمة الأرض),Etoile de Terre (???? ?????)
F حلويات,F ??????
F مملحات,F ??????
Farine (فرينة),Farine (?????)
Fenouil (بسباس),Fenouil (?????)
Figue (تين),Figue (???)
Force Expresse (مزيل الغبار),Force Expresse (???? ??????)
Fraise (فراولة),Fraise (??????)
Framboise (توت العُليق),Framboise (??? ???????)
Frik (فريك),Frik (????)
G حلويات,G ??????
G مملحات,G ??????
Garantita (قرنطيطة),Garantita (???????)
Gel Hydroalcoolique (معقم اليد),Gel Hydroalcoolique (???? ????)
Gelatine (جيلاتين),Gelatine (???????)
Gelatine Poudre (مسحوق الجيلاتين),Gelatine Poudre (????? ?????????)
Gingembre (زنجبيل),Gingembre (??????)
Goyave (قوياف),Goyave (?????)
Grenade (رمان),Grenade (????)
H حلويات,H ??????
H مملحات,H ??????
Haricot Blanc (فاصوليا بيضاء),Haricot Blanc (??????? ?????)
Haricot vert (فاصوليا خضراء),Haricot vert (??????? ?????)
Hrissa (هريسة),Hrissa (?????)
Huil (زيت),Huil (???)
Huil D'olive (زيت الزيتون),Huil D'olive (??? ???????)
I حلويات,I ??????
Jumbo (جامبو ),Jumbo (????? )
Kabir Infussion Gingembre au Miel (الزنجبيل بالعسل),Kabir Infussion Gingembre au Miel (???????? ??????)
Kabir Infussion Graines de Fenouil (زريعة البسباس),Kabir Infussion Graines de Fenouil (????? ???????)
Kabir Infussion Thé Vert a La Manthe (النعناع),Kabir Infussion Thé Vert a La Manthe (???????)
Kabir Infussion Zaater (زعتر),Kabir Infussion Zaater (????)
Kiwi (كيوي),Kiwi (????)
Kounafa (قطايف),Kounafa (?????)
La Vanille (فانيليا),La Vanille (???????)
Lait (حليب),Lait (????)
Lait Candia (حليب كانديا),Lait Candia (???? ??????)
Lait Sac (حليب أكياس),Lait Sac (???? ?????)
Laitue (خس),Laitue (??)
Laurier (الرند),Laurier (?????)
Lazania (لازانيا),Lazania (???????)
Lentille (عدس),Lentille (???)
Levure Chimique (خميرة الحلويات),Levure Chimique (????? ????????)
Levure de Boulanger (خميرة الخبز),Levure de Boulanger (????? ?????)
Luncheon (كاشير),Luncheon (?????)
Macaroni (مقاروني),Macaroni (???????)
Mais (حبوب الذرة),Mais (???? ?????)
Mandarine (المندرين),Mandarine (????????)
Mangue (مانجو),Mangue (?????)
Margarine (مرغرين),Margarine (??????)
Margarine Fleurial  (مرغرين فلوريال),Margarine Fleurial  (?????? ???????)
Mascarbon (ماسكاربون),Mascarbon (?????????)
Mayonnaise (مايونيز),Mayonnaise (???????)
Mayzina (مايزينة),Mayzina (???????)
Melon (بطيخ),Melon (????)
Menth (نعناع),Menth (?????)
Microfiber (نشاف),Microfiber (????)
Miel (عسل),Miel (???)
Milkospray (مسحوق الحليب),Milkospray (????? ??????)
Moutard (خردل),Moutard (????)
Muergez (مرقاز),Muergez (?????)
Myrtille (توت),Myrtille (???)
Mûre (توت العليق),Mûre (??? ??????)
Navet (اللفت),Navet (?????)
Nectarine (نكتارين),Nectarine (???????)
Noisette au Miel (مكسرات بالعسل),Noisette au Miel (?????? ??????)
Noix (جوز),Noix (???)
Noyer (جوز),Noyer (???)
Oeuf (بيض),Oeuf (???)
Oignon (بصل),Oignon (???)
Olive Coupé (زيتون مقطع),Olive Coupé (????? ????)
Olive Dénoyautée (زيتون بدون نواة),Olive Dénoyautée (????? ???? ????)
Olive Noir (زيتون أسود ),Olive Noir (????? ???? )
Olive Vert (زيتون أخضر),Olive Vert (????? ????)
Olive Violet (زيتون بنفسجي),Olive Violet (????? ??????)
Orange (برتقال),Orange (??????)
Pain (خبز),Pain (???)
Pain de Mei (خبز اللب),Pain de Mei (??? ????)
Papier Aluminium (ورق المنيوم),Papier Aluminium (??? ???????)
Papier cuisson (ورق الطهي),Papier cuisson (??? ?????)
Pastèque (دلاع),Pastèque (????)
Persil (حشيش),Persil (????)
Persil (معدنوس),Persil (??????)
Petits Pois Surgelés (بازلاء مجمدة),Petits Pois Surgelés (?????? ?????)
Poire (اجاص),Poire (????)
Pois chiche (حمص),Pois chiche (???)
Poivre Blanc (فلفل أبيض ),Poivre Blanc (???? ???? )
Poivre Noire (فلفل أسود),Poivre Noire (???? ????)
Poivre Rouge (فلفل أحمر ),Poivre Rouge (???? ???? )
Poivron (فلفل حلو),Poivron (???? ???)
Poivron Mariné (فلفل مرقد),Poivron Mariné (???? ????)
Poivron Piquant (فلفل حار),Poivron Piquant (???? ???)
Pomme (تفاح),Pomme (????)
Pomme de terre (بطاطا),Pomme de terre (?????)
Poulet Hashée (دجاج مرحي),Poulet Hashée (???? ????)
Poulet Mariné (دجاج مريني),Poulet Mariné (???? ?????)
Pêche (خوخ),Pêche (???)
Rachta (رشتة),Rachta (????)
Raisin (عنب),Raisin (???)
Riz (أرز),Riz (???)
Riz Basmati (أرز بسمتي),Riz Basmati (??? ?????)
Roti Poulet (روتي دجاج),Roti Poulet (???? ????)
Sardine (السردين),Sardine (???????)
Sauce Pizza (صلصة بيتزا),Sauce Pizza (???? ?????)
Sel (ملح),Sel (???)
Semoul (سميد),Semoul (????)
Smen (سمن),Smen (???)
Spaghetti (سباقيتي),Spaghetti (???????)
Sucre (سكر),Sucre (???)
Tagliatelle (تاقليتال),Tagliatelle (????????)
Thon (طون),Thon (???)
Thon Ricamar (تونة ريكامار),Thon Ricamar (???? ???????)
Thé (شاي),Thé (???)
Tlitli (تليتلي),Tlitli (??????)
Tomate (طماطم),Tomate (?????)
Tomate Concentrée (طماطم مصبرة),Tomate Concentrée (????? ?????)
Vadrouille (ممسحة الأرض),Vadrouille (????? ?????)
Vermicelle (الشعيرية),Vermicelle (????????)
Viande Boeuf (لحم البقر),Viande Boeuf (??? ?????)
Viande Mouton (لحم الخروف),Viande Mouton (??? ??????)
Viande Steak (شرائح اللحم),Viande Steak (????? ?????)
Viande hachée (لحم مرحي),Viande hachée (??? ????)
Vinaigre (خل),Vinaigre (??)
Vitale Infussion Thé Camomille (البابونج),Vitale Infussion Thé Camomille (????????)
Vitale Infussion Thé Poliot (فيلو النعناع),Vitale Infussion Thé Poliot (???? ???????)
Vitale Infussion Thé Thym (الزعتر),Vitale Infussion Thé Thym (??????)
Vitale Infussion Thé au Caramel (الكراميل),Vitale Infussion Thé au Caramel (????????)
Vitale Infussion Thé au Fruits des Bois (الفواكه الغابية),Vitale Infussion Thé au Fruits des Bois (??????? ???????)
Yaourt Nature (ياغورت طبيعي),Yaourt Nature (?????? ?????)
Épinard (سبانخ),Épinard (?????)
حلويات,??????
حليب / قهوة / شكولاتة,???? / ???? / ???????
حليب / قهوة / شكولاتة A,???? / ???? / ??????? A
حليب / قهوة / شكولاتة B,???? / ???? / ??????? B
حليب / قهوة / شكولاتة C,???? / ???? / ??????? C
ساندويتش,????????
شاي / تيزانة,??? / ??????
شاي / تيزانة A,??? / ?????? A
شاي / تيزانة B,??? / ?????? B
شاي / تيزانة C,??? / ?????? C
عصير,????
فواكه,?????
مملحات,??????
