Nom,Categorie_Suggeree,Type,Format,Variante,Source,Ligne
spaghitti sim 500g C/10KG,Restaurant/Alimentations,Storable,,,listing_restaurant_cafeteria,1
Petit Coude N°4 sim C/10,Restaurant/Alimentations,Storable,,,listing_restaurant_cafeteria,2
Pate Rossort Sim C/10,Restaurant/Alimentations,Storable,,,listing_restaurant_cafeteria,3
Vermicelle Sim/500g C/20,Restaurant/Alimentations,Storable,,,listing_restaurant_cafeteria,4
Couscous Taami Sim MOYEN 1Kg C/12kg,Restaurant/Alimentations,Storable,,,listing_restaurant_cafeteria,5
Tagliatelle 450 g C/10,Restaurant/Alimentations,Storable,,,listing_restaurant_cafeteria,6
Les lasagnes,Restaurant/Alimentations,Storable,,,listing_restaurant_cafeteria,7
cafe caps B/10 F/20,Restaurant/Alimentations,Storable,,,listing_restaurant_cafeteria,8
cafe 1001 F/20,Restaurant/Alimentations,Storable,,,listing_restaurant_cafeteria,9
"Olive Noire C/2,5kg",Restaurant/Alimentations,Storable,,,listing_restaurant_cafeteria,10
Olive Noire C/5kg,Restaurant/Alimentations,Storable,5KG,,listing_restaurant_cafeteria,11
Olive Violette B/3 kg,Restaurant/Alimentations,Storable,,,listing_restaurant_cafeteria,12
"Olive Denoiyautee B/2,5kg",Restaurant/Alimentations,Storable,,,listing_restaurant_cafeteria,13
Olive Cassé Grillet B/4Kg,Restaurant/Alimentations,Storable,,,listing_restaurant_cafeteria,14
"Olive Tranchee 2,5kg",Restaurant/Alimentations,Storable,,,listing_restaurant_cafeteria,15
Olive Tranchee 5kg,Restaurant/Alimentations,Storable,5KG,,listing_restaurant_cafeteria,16
Echalote B/3kg,Restaurant/Alimentations,Storable,,,listing_restaurant_cafeteria,17
Cornicho B/3kg,Restaurant/Alimentations,Storable,,,listing_restaurant_cafeteria,18
olive noire tranche b/2kg F/3,Restaurant/Alimentations,Storable,,,listing_restaurant_cafeteria,19
olive noire 2kg f/3boites,Restaurant/Alimentations,Storable,,,listing_restaurant_cafeteria,20
Huile D'olive 1L c/10,Restaurant/Alimentations,Storable,1L,,listing_restaurant_cafeteria,21
Hamiss B/ 2KG,Restaurant/Alimentations,Storable,,,listing_restaurant_cafeteria,22
PIMENT CONSTANTINE (MARKADE )B/2Kg,Restaurant/Alimentations,Storable,,,listing_restaurant_cafeteria,23
HIULE D'OLIVE VIERGE 5L F/4,Restaurant/Alimentations,Storable,5L,,listing_restaurant_cafeteria,24
HIULE D'OLIVE VIERGE 1L F/6 VERRE,Restaurant/Alimentations,Storable,1L,,listing_restaurant_cafeteria,25
HIULE D'OLIVE VIERGE 75CL F/12,Restaurant/Alimentations,Storable,,,listing_restaurant_cafeteria,26
JAMBON POULET 1KG,Restaurant/Alimentations,Storable,,,listing_restaurant_cafeteria,27
SALAMI VIANDE 1/KG,Restaurant/Alimentations,Storable,,,listing_restaurant_cafeteria,28
LOUNCHON POULET,Restaurant/Alimentations,Storable,,,listing_restaurant_cafeteria,29
"Champignon HARA 2,4Kg F/6",Restaurant/Alimentations,Storable,,,listing_restaurant_cafeteria,30
Thon le Grand bleu 2kg C/6,Restaurant/Alimentations,Storable,,,listing_restaurant_cafeteria,31
Thon Francisco 400gr C/12,Restaurant/Alimentations,Storable,,,listing_restaurant_cafeteria,32
"Thon Marinara 1,8kg C/6",Restaurant/Alimentations,Storable,1.8KG,,listing_restaurant_cafeteria,33
Tomate Hara 800g C/12,Restaurant/Alimentations,Storable,,,listing_restaurant_cafeteria,34
Harissa Hara 760g C/12,Restaurant/Alimentations,Storable,,,listing_restaurant_cafeteria,35
Harissa Teloise 760 g C/12,Restaurant/Alimentations,Storable,,,listing_restaurant_cafeteria,36
"Mais 2,4 kg hara F/6",Restaurant/Alimentations,Storable,,,listing_restaurant_cafeteria,37
Mayounnaise LESIEUR 710 gr F/12,Restaurant/Alimentations,Storable,,,listing_restaurant_cafeteria,38
"Mayounnaise LESIEUR 2,5 kg",Restaurant/Alimentations,Storable,,,listing_restaurant_cafeteria,39
Motard dijon 810gr F/6,Restaurant/Alimentations,Storable,,,listing_restaurant_cafeteria,40
Ketchup DAILY 1L F/9,Restaurant/Alimentations,Storable,1L,,listing_restaurant_cafeteria,41
Sauce PIZZA B4KG latina,Restaurant/Alimentations,Storable,,,listing_restaurant_cafeteria,42
Ananas Tranches golden land820g F/12,Restaurant/Alimentations,Storable,,,listing_restaurant_cafeteria,43
Huil Elio 5L,Restaurant/Alimentations,Storable,5L,,listing_restaurant_cafeteria,44
Margarine Fleurial PLAQ500g C/16,Restaurant/Alimentations,Storable,,,listing_restaurant_cafeteria,45
Margarine La belle 500 g C/24,Restaurant/Alimentations,Storable,,,listing_restaurant_cafeteria,46
Margarine DIMA 500g C/24,Restaurant/Alimentations,Storable,,,listing_restaurant_cafeteria,47
BEURRE STAR 200G C/20,Restaurant/Alimentations,Storable,200G,,listing_restaurant_cafeteria,48
"Smane MORDJANE C/1,8 Kg C/4",Restaurant/Alimentations,Storable,1.8KG,,listing_restaurant_cafeteria,49
Sucre Skor 1Kg F/10,Restaurant/Alimentations,Storable,,,listing_restaurant_cafeteria,50
Sucre Roux Skor 1Kg F/10,Restaurant/Alimentations,Storable,,,listing_restaurant_cafeteria,51
Sucre Skor Glace MORDJANE 1 Kg F/12,Restaurant/Alimentations,Storable,,,listing_restaurant_cafeteria,52
Sucre Stick 8g BONAL B/200ps,Restaurant/Alimentations,Storable,,,listing_restaurant_cafeteria,53
Farine Sim 1kg F/9,Restaurant/Alimentations,Storable,,,listing_restaurant_cafeteria,54
Farine MAMA 25KG,Restaurant/Alimentations,Storable,25KG,,listing_restaurant_cafeteria,55
Farine MAMA T451kg,Restaurant/Alimentations,Storable,,,listing_restaurant_cafeteria,56
Semoule Fine Sim 10 Kg,Restaurant/Alimentations,Storable,,,listing_restaurant_cafeteria,57
Lentille Rouge 10Kg,Restaurant/Alimentations,Storable,,,listing_restaurant_cafeteria,58
Lentille vert 10kg,Restaurant/Alimentations,Storable,,,listing_restaurant_cafeteria,59
Pois Chiche N° 12 1Kg LA BELLE C/10,Restaurant/Alimentations,Storable,,,listing_restaurant_cafeteria,60
Riz basmatti SAC 10Kg,Restaurant/Alimentations,Storable,,,listing_restaurant_cafeteria,61
Frick EZZAD 800Kg C/10PS,Restaurant/Alimentations,Storable,,,listing_restaurant_cafeteria,62
Raisin Sec 1kg,Restaurant/Alimentations,Storable,,,listing_restaurant_cafeteria,63
Cacahuete BLANC1Kg,Restaurant/Alimentations,Storable,,,listing_restaurant_cafeteria,64
Amande 1kg,Restaurant/Alimentations,Storable,,,listing_restaurant_cafeteria,65
Amande Blanche 1kg,Restaurant/Alimentations,Storable,,,listing_restaurant_cafeteria,66
Amande Effilée 1kg,Restaurant/Alimentations,Storable,,,listing_restaurant_cafeteria,67
Noix 1kg,Restaurant/Alimentations,Storable,,,listing_restaurant_cafeteria,68
Noix de cajou 1Kg,Restaurant/Alimentations,Storable,,,listing_restaurant_cafeteria,69
Noix de coco 1Kg,Restaurant/Alimentations,Storable,,,listing_restaurant_cafeteria,70
Noisette 1Kg,Restaurant/Alimentations,Storable,,,listing_restaurant_cafeteria,71
Pistachio 1Kg,Restaurant/Alimentations,Storable,,,listing_restaurant_cafeteria,72
Eau De Fleur PET 720ml casbah f/12,Restaurant/Alimentations,Storable,,,listing_restaurant_cafeteria,73
SEL de cuisine ENASEL F/15,Restaurant/Alimentations,Storable,,,listing_restaurant_cafeteria,74
Vinaigre Rouge Casbah F/12,Restaurant/Alimentations,Storable,,,listing_restaurant_cafeteria,75
Vinaigre Blanc Casbah F/12,Restaurant/Alimentations,Storable,,,listing_restaurant_cafeteria,76
Levure Chimique Nouara F/100,Restaurant/Alimentations,Storable,,,listing_restaurant_cafeteria,77
levure Boulengerie SAF PLUS 500gr c/20,Restaurant/Alimentations,Storable,,,listing_restaurant_cafeteria,78
BECARBONATTE SODA 1Kg EL FARES,Restaurant/Alimentations,Storable,,,listing_restaurant_cafeteria,82
DIOULE EL AILA C/10*80,Restaurant/Alimentations,Storable,,,listing_restaurant_cafeteria,84
the EL FERDOUAS,Restaurant/Alimentations,Storable,,,listing_restaurant_cafeteria,85
THE EL RAKKI 125g F/8,Restaurant/Alimentations,Storable,,,listing_restaurant_cafeteria,86
Jumbo 48 P,Restaurant/Alimentations,Storable,,,listing_restaurant_cafeteria,87
Poivre Noire En Poudre 1KG EL FARES,Restaurant/Épices,Storable,,,listing_restaurant_cafeteria,88
Poivre Blanc 1KG EL FARES,Restaurant/Épices,Storable,,,listing_restaurant_cafeteria,89
Cannelle En Poudre 1KG EL FARES,Restaurant/Épices,Storable,,,listing_restaurant_cafeteria,90
Cannelle Batonnes 1KG EL FARES,Restaurant/Épices,Storable,,,listing_restaurant_cafeteria,91
Zafron 1KG En poudre EL FARES,Restaurant/Épices,Storable,,,listing_restaurant_cafeteria,92
Cumin 1KG EL FARES,Restaurant/Épices,Storable,,,listing_restaurant_cafeteria,93
Piment Doux 1KG EL FARES,Restaurant/Épices,Storable,,,listing_restaurant_cafeteria,94
Gingembre En Poudre 1KG EL FARES,Restaurant/Épices,Storable,,,listing_restaurant_cafeteria,95
Graine de Sesame 1kg EL FARES,Restaurant/Épices,Storable,,,listing_restaurant_cafeteria,96
Thym en Poudre 1KG EL FARES,Restaurant/Épices,Storable,,,listing_restaurant_cafeteria,97
Ail en Poudre 1KG EL FARES,Restaurant/Épices,Storable,,,listing_restaurant_cafeteria,98
Ras El Hanout 1KG EL FARES,Restaurant/Épices,Storable,,,listing_restaurant_cafeteria,99
Curcumin 1KG EL FARES,Restaurant/Épices,Storable,,,listing_restaurant_cafeteria,100
piment piquant 1KG EL FARES,Restaurant/Épices,Storable,,,listing_restaurant_cafeteria,101
Curry 1KG EL FARES,Restaurant/Épices,Storable,,,listing_restaurant_cafeteria,102
Carvi 1KG EL FARES,Restaurant/Épices,Storable,,,listing_restaurant_cafeteria,103
Clou de Girofle,Restaurant/Épices,Storable,,,listing_restaurant_cafeteria,104
Anis Etoile 1kg,Restaurant/Épices,Storable,,,listing_restaurant_cafeteria,105
Graine de Noire 1kg sanoudj,Restaurant/Épices,Storable,,,listing_restaurant_cafeteria,106
oigon en Poudre 1kg,Restaurant/Épices,Storable,,,listing_restaurant_cafeteria,107
Epice marinee poulet 1kg,Restaurant/Épices,Storable,,,listing_restaurant_cafeteria,108
Epice Chawarma 1kg,Restaurant/Épices,Storable,,,listing_restaurant_cafeteria,109
KOSBER 1kg,Restaurant/Épices,Storable,,,listing_restaurant_cafeteria,110
epice fromage b/1kg,Restaurant/Épices,Storable,,,listing_restaurant_cafeteria,111
Lait Candia 1L,Restaurant/Alimentations,Storable,1L,,listing_restaurant_cafeteria,112
LAIT SOUMAM F/6,Restaurant/Alimentations,Storable,,,listing_restaurant_cafeteria,113
Lait Candia En Poudre 500g C/12,Restaurant/Alimentations,Storable,,,listing_restaurant_cafeteria,114
Lait milko spray en poudre 500g C/12,Restaurant/Alimentations,Storable,,,listing_restaurant_cafeteria,115
Lait LOVLY en poudre 10KG,Restaurant/Alimentations,Storable,,,listing_restaurant_cafeteria,116
Lben Candia 1L,Restaurant/Alimentations,Storable,1L,,listing_restaurant_cafeteria,117
RAIB CANDIA 1L,Restaurant/Alimentations,Storable,1L,,listing_restaurant_cafeteria,118
Créme Fraiche Fondélice 900 ml,Restaurant/Alimentations,Storable,,,listing_restaurant_cafeteria,119
Créme Fraiche Le Maitre 1L f/6,Restaurant/Alimentations,Storable,1L,,listing_restaurant_cafeteria,120
"Créme Fraiche Le maitre 0,5L f/12",Restaurant/Alimentations,Storable,,,listing_restaurant_cafeteria,121
Créme Fraiche COCINA 35% 1L F/4L,Restaurant/Alimentations,Storable,1L,,listing_restaurant_cafeteria,122
Fromage Ramdy 600 g,Restaurant/Alimentations,Storable,,,listing_restaurant_cafeteria,123
"Fromage CHEEZY 1,5g",Restaurant/Alimentations,Storable,,,listing_restaurant_cafeteria,124
Fromage Sliece C/28 cheezy,Restaurant/Alimentations,Storable,,,listing_restaurant_cafeteria,125
"Fromage Fondu MONT DOR 1,8KG",Restaurant/Alimentations,Storable,1.8KG,,listing_restaurant_cafeteria,126
"Fromage Fondu MONT DOR 3,6KG",Restaurant/Alimentations,Storable,,,listing_restaurant_cafeteria,127
Fromage RICOS 1KG,Restaurant/Alimentations,Storable,,,listing_restaurant_cafeteria,128
Fromage Cook Cheese 1KG,Restaurant/Alimentations,Storable,,,listing_restaurant_cafeteria,129
Camembert Zakkar 250 G,Restaurant/Alimentations,Storable,,,listing_restaurant_cafeteria,130
Camembert Zakkar 350 G,Restaurant/Alimentations,Storable,,,listing_restaurant_cafeteria,131
Camembert Zakkar 120 G,Restaurant/Alimentations,Storable,120G,,listing_restaurant_cafeteria,132
Mascarpone 500G SO TACOS F/8,Restaurant/Alimentations,Storable,,,listing_restaurant_cafeteria,133
poulet,Restaurant/Viandes,Storable,,,listing_restaurant_cafeteria,134
Blanc De Poulet,Restaurant/Viandes,Storable,,,listing_restaurant_cafeteria,135
Cuisse De Poulet,Restaurant/Viandes,Storable,,,listing_restaurant_cafeteria,136
Escalope De Poulet,Restaurant/Viandes,Storable,,,listing_restaurant_cafeteria,137
Escalope De Dinde,Restaurant/Viandes,Storable,,,listing_restaurant_cafeteria,138
Ouefs,Restaurant/Alimentations,Storable,,,listing_restaurant_cafeteria,139
JUS BIFA 125ML F/48,Café/Boissons,Storable,125ML,,listing_restaurant_cafeteria,140
CANDIA CHOCOLAT 20CL F/18,Café/Boissons,Storable,20CL,,listing_restaurant_cafeteria,141
jus rouiba 20cl f/30,Café/Boissons,Storable,20CL,,listing_restaurant_cafeteria,142
Schweppes PET 33CL F/12,Café/Boissons,Storable,33CL,,listing_restaurant_cafeteria,143
Schweppes Canette 14 CL F/24,Café/Boissons,Storable,,,listing_restaurant_cafeteria,144
Hamoud Canette 24CL F/24,Café/Boissons,Storable,24CL,,listing_restaurant_cafeteria,145
Hamoud PET 33 CL F/12,Café/Boissons,Storable,33CL,,listing_restaurant_cafeteria,146
JUS TCHINA 2L F/6,Café/Boissons,Storable,2L,,listing_restaurant_cafeteria,147
Jus Waniss 1L F/6,Café/Boissons,Storable,1L,,listing_restaurant_cafeteria,148
JUS IFRUIT 33CL F/12,Café/Boissons,Storable,33CL,,listing_restaurant_cafeteria,149
NGAOUAS 33CL F/12,Café/Boissons,Storable,33CL,,listing_restaurant_cafeteria,150
ORANGINA 33CL F/12,Café/Boissons,Storable,33CL,,listing_restaurant_cafeteria,151
"Eau GUIDILA 0,5L F/12",Café/Boissons,Storable,,,listing_restaurant_cafeteria,152
"Eau GUIDILA 1,5L F/6",Café/Boissons,Storable,,,listing_restaurant_cafeteria,153
Eau NEW 1L /6 LLK,Café/Boissons,Storable,1L,,listing_restaurant_cafeteria,154
"Eau Lala Khedidja 1,5 L /6",Café/Boissons,Storable,,,listing_restaurant_cafeteria,155
"Eau Lala Khedidja 0,5 CL F/12",Café/Boissons,Storable,,,listing_restaurant_cafeteria,156
"IFRI VICHY 0,33CL F/12",Café/Boissons,Storable,,,listing_restaurant_cafeteria,157
"IFRI VICHY CITRON 0,33CL F/13",Café/Boissons,Storable,,,listing_restaurant_cafeteria,158
Beurre 100% 10g C/480 PS dosette,Café/Divers,Storable,,,listing_restaurant_cafeteria,159
Beurre Melenege 10g C/480 dosette,Café/Divers,Storable,,,listing_restaurant_cafeteria,160
Confiture 20g fraise/pomme/abricot dosette,Café/Divers,Storable,,,listing_restaurant_cafeteria,161
Succedane Miel 20g C/480ps dosettte,Café/Divers,Storable,,,listing_restaurant_cafeteria,162
Chocolat 10g C/480ps dosette,Café/Divers,Storable,,,listing_restaurant_cafeteria,163
Sucre STick 8g C/10kg,Café/Divers,Storable,,,listing_restaurant_cafeteria,164
Madelaine Foureé 6u c/120ps,Café/Biscuits & Gâteaux,Storable,,,listing_restaurant_cafeteria,165
Roule Foureé c/36,Café/Biscuits & Gâteaux,Storable,,,listing_restaurant_cafeteria,166
CACAO MARON En Pondre 1Kg,Café/Divers,Storable,,,listing_restaurant_cafeteria,167
GELATINE EN POUDRE,Café/Divers,Storable,,,listing_restaurant_cafeteria,168
colorant Fructa 20g,Café/Divers,Storable,,,listing_restaurant_cafeteria,169
la vanille liquide 1L,Café/Divers,Storable,,,listing_restaurant_cafeteria,170
LA VANILLE EN POUDRE LA BOREF 500g C/12,Café/Divers,Storable,,,listing_restaurant_cafeteria,171
PATE AROME PISTACHE F/6,Café/Divers,Storable,,,listing_restaurant_cafeteria,172
CHANTILLY SAC 5KG RACIM,Café/Divers,Storable,,,listing_restaurant_cafeteria,173
CHANTILLY SEAU 3KG RACIM,Café/Divers,Storable,,,listing_restaurant_cafeteria,174
"cerise confite seau 1,8kg",Café/Divers,Storable,,,listing_restaurant_cafeteria,175
colorant alimentaire 1kg,Café/Divers,Storable,,,listing_restaurant_cafeteria,176
Lait en poudre en poudre lovly 0% sac10kg,Café/Divers,Storable,,,listing_restaurant_cafeteria,177
Amidon de mais sac 1kg,Café/Divers,Storable,,,listing_restaurant_cafeteria,178
fourrage décoration 450g TOPY CITRON/FRAISE F/12,Café/Divers,Storable,,,listing_restaurant_cafeteria,179
fourrage décoration 450g TOPY CERICE /MURE F/12,Café/Divers,Storable,,,listing_restaurant_cafeteria,180
creme de pistache 2Kg TOPY,Café/Divers,Storable,,,listing_restaurant_cafeteria,181
Caramel Toffee 3Kg TOPY,Café/Divers,Storable,,,listing_restaurant_cafeteria,182
FAUX PISTACHE 2Kg,Café/Divers,Storable,,,listing_restaurant_cafeteria,183
Beurre de Cacahuete Racim,Café/Divers,Storable,,,listing_restaurant_cafeteria,184
La Feuilletine 1kg,Café/Divers,Storable,,,listing_restaurant_cafeteria,185
FLAN NOUARA F/24,Café/Divers,Storable,,,listing_restaurant_cafeteria,186
chocolat noir Embassadeur c/25,Café/Chocolat,Storable,,,listing_restaurant_cafeteria,187
chocolat blanc Embassadeur c/25,Café/Chocolat,Storable,,,listing_restaurant_cafeteria,188
chocolat noisette DADA 240g,Café/Chocolat,Storable,,,listing_restaurant_cafeteria,189
chocolat au lait DADA 240g,Café/Chocolat,Storable,,,listing_restaurant_cafeteria,190
chocolat noir DADA 240g,Café/Chocolat,Storable,,,listing_restaurant_cafeteria,191
chocolat blanc DADA 240g,Café/Chocolat,Storable,,,listing_restaurant_cafeteria,192
CHOCOLAT TARTINER EL MORDJANE 700g f/6,Café/Chocolat,Storable,,,listing_restaurant_cafeteria,193
CHOCOLAT TARTINER EL MORDJANE noisette700g f/6,Café/Chocolat,Storable,,,listing_restaurant_cafeteria,194
CHOCOLAT TARTINER EL MORDJANE B/ 12kg,Café/Chocolat,Storable,,,listing_restaurant_cafeteria,195
CHOCOLAT TARTINER EL MORDJANE noisette B/12,Café/Chocolat,Storable,,,listing_restaurant_cafeteria,196
Miel ASSILA el mordjane1 KG c/12,Café/Divers,Storable,,,listing_restaurant_cafeteria,197
Miel ASSILA el mordjane5 KG,Café/Divers,Storable,,,listing_restaurant_cafeteria,198
Eau De Fleur casbah,Café/Divers,Storable,,,listing_restaurant_cafeteria,199
SUCRE GLACE EL MORDJANE 700G C/12,Café/Divers,Storable,,,listing_restaurant_cafeteria,200
MIEL EL MORDJANE 1KG C/12,Café/Divers,Storable,,,listing_restaurant_cafeteria,201
MIEL EL MORDJANE 5KG,Café/Divers,Storable,,,listing_restaurant_cafeteria,202
petite Beurre C/12,Café/Biscuits & Gâteaux,Storable,,,listing_restaurant_cafeteria,203
barquette aluminium 650cl F/100,Café/Emballage,Storable,,,listing_restaurant_cafeteria,204
Papier Aluminium420 CL,Café/Emballage,Storable,,,listing_restaurant_cafeteria,205
Papier Film 200 M,Café/Emballage,Storable,,,listing_restaurant_cafeteria,206
Papier Cuisson50 M,Café/Emballage,Storable,,,listing_restaurant_cafeteria,207
GOBLET 6 oz LE PRINCE,Café/Emballage,Storable,,,listing_restaurant_cafeteria,208
SAC SANDWICH CT 400P LE PRINCE,Café/Emballage,Storable,,,listing_restaurant_cafeteria,209
CUILLERE GM 40PS/50CT RKMD,Café/Emballage,Storable,,,listing_restaurant_cafeteria,210
CUILLERE PM 40PS/50CT RKDM,Café/Emballage,Storable,,,listing_restaurant_cafeteria,211
BOITE PLASTIQUE CARRE 375ML C/1000PS,Café/Emballage,Storable,,,listing_restaurant_cafeteria,212
VERINE EN PLASTIQUE AVEC COVERT ROND F/25,Café/Emballage,Storable,,,listing_restaurant_cafeteria,213
GOBLET PLSTIQUE BLANC 30*100RKMD,Café/Emballage,Storable,,,listing_restaurant_cafeteria,214
AGRAFEUSE TRENDY-45M KAN,Copy/Articles Bureautique,Storable,,,liste_articles_HIS,1
FLUORESCENT PRESENTOIRE DE 36 EVEREST EV 4013,Copy/Articles Bureautique,Storable,,,liste_articles_HIS,2
RECHARGE MARQ TAB EV 4035 NOIR EVEREST,Copy/Articles Bureautique,Storable,,,liste_articles_HIS,3
STYLO ULTRON X2 BLEU,Copy/Articles Bureautique,Storable,,,liste_articles_HIS,4
STYLO ULTRON X2 NOIR,Copy/Articles Bureautique,Storable,,,liste_articles_HIS,5
STYLO ULTRON X2 ROUGE,Copy/Articles Bureautique,Storable,,,liste_articles_HIS,6
STYLO ULTRON X2 VERT,Copy/Articles Bureautique,Storable,,,liste_articles_HIS,7
NOTE BOOK A4 SP 70 F 152985 ABS/ 1152,Copy/Articles Bureautique,Storable,,,liste_articles_HIS,8
CALCUL SCIENTIFIQUE KAJIB 552F 991ES,Copy/Articles Bureautique,Storable,,,liste_articles_HIS,9
RAME EXTRA A3 80G RAMOS,Copy/Articles Bureautique,Storable,,,liste_articles_HIS,10
PAPIER DE LUXE PRISMA A4 130 G 9517 TECHNO,Copy/Articles Bureautique,Storable,,,liste_articles_HIS,11
PAP MOUCHOIR LILAS,Ménage & Nettoyage,Storable,,,liste_articles_HIS,12
SOUS CHEMISE PLIEE 25F 80G EP-0231 EXCELLES,Copy/Articles Bureautique,Storable,,,liste_articles_HIS,13
CAHIER 5 EN 1 250P 5X5 A5 IM 25-04,Copy/Articles Bureautique,Storable,,,liste_articles_HIS,14
CAHIER 6 EN 1 A5 IM 25-05 MER,Copy/Articles Bureautique,Storable,,,liste_articles_HIS,15
REGISTRE 3 MAINS HILLAL C16,Copy/Articles Bureautique,Storable,,,liste_articles_HIS,16
REGISTRE 2 MAINS C20 RAMOS,Copy/Articles Bureautique,Storable,,,liste_articles_HIS,17
REGISTRE 4 MAINS C12 PROP ET HILAL,Copy/Articles Bureautique,Storable,,,liste_articles_HIS,18
FLASH DISQUE 8 GB ADATA,Copy/Articles Bureautique,Storable,,,liste_articles_HIS,19
FLASH DISQUE 16 GB METAL HP REF 285,Copy/Articles Bureautique,Storable,,,liste_articles_HIS,20
SCOTCH 28 Y X 18 TRANS V-2410 VERTEX,Copy/Articles Bureautique,Storable,,,liste_articles_HIS,21
MARQUEUR CRAIE ED 4095 ROUGE,Copy/Articles Bureautique,Storable,,,liste_articles_HIS,22
MARQUEUR CRAIE ED 4095 VERT,Copy/Articles Bureautique,Storable,,,liste_articles_HIS,23
CAHIER 120P SP C90 HILAL,Copy/Articles Bureautique,Storable,,,liste_articles_HIS,24
CAHIER 120P 70GRS CT90 / 80 HILAL,Copy/Articles Bureautique,Storable,,,liste_articles_HIS,25
CORRECTEUR STYLO 07ML BT12 3631 TECHNO,Copy/Articles Bureautique,Storable,,,liste_articles_HIS,26
CAHIER 64P ITAL /MOUJ /COQ,Copy/Articles Bureautique,Storable,,,liste_articles_HIS,27
CAHIER 96P 70GRS CT100/ 96 HILAL,Copy/Articles Bureautique,Storable,,,liste_articles_HIS,28
PAPIER DE LUXE PRISMA A4 260G 20F 9516 TECHNO,Copy/Articles Bureautique,Storable,,,liste_articles_HIS,29
PORTE STYLO METAL ROND 802 EV 1800,Copy/Articles Bureautique,Storable,,,liste_articles_HIS,30
SOUS CHEMISE 250F INOV/RAKAN 0198/RAK,Copy/Articles Bureautique,Storable,,,liste_articles_HIS,31
LINGETTE DE POCHE ENFANT COMFORT,Ménage & Nettoyage,Storable,,,liste_articles_HIS,32
AUTOCOLLANT 100F A4 MAT 2310 BO /IMP FERH,Copy/Articles Bureautique,Storable,,,liste_articles_HIS,33
ENV (F15255) FEN .ADH PAQ50 (110 X 220),Copy/Articles Bureautique,Storable,,,liste_articles_HIS,34
RECHARGE TABLEAU CHEVALETS 10040 / 25F FABS,Copy/Articles Bureautique,Storable,,,liste_articles_HIS,35
PORTE FICHES 120 V EV 3060 EVEREST,Copy/Articles Bureautique,Storable,,,liste_articles_HIS,36
POST IT JAUNE 50X75 TECHNO 5153,Copy/Articles Bureautique,Storable,,,liste_articles_HIS,37
NOTE BOOK 300P 5X5 GF HILLAL(CTN16 / 14),Copy/Articles Bureautique,Storable,,,liste_articles_HIS,38
SAC A DOS PORTE PC EVEREST EV 2246,Copy/Articles Bureautique,Storable,,,liste_articles_HIS,39
TRIEUR 3 ETAGES MET BK 083 / EV 1803/2003,Copy/Articles Bureautique,Storable,,,liste_articles_HIS,40
NOTE BOOK ELASTIQUE A5,Copy/Articles Bureautique,Storable,,,liste_articles_HIS,41
MARQUEUR PERMANENT TOUTES SURFACE BLANC TECHNO T4518,Copy/Articles Bureautique,Storable,,,liste_articles_HIS,42
MARQUEUR PERMANENT TOUTES SURFACES ARGENTE 3529,Copy/Articles Bureautique,Storable,,,liste_articles_HIS,43
MARQUEUR PERMANENT TOUTES SURFACE JAUNE TECHNO T4522,Copy/Articles Bureautique,Storable,,,liste_articles_HIS,44
MARQUEUR PERMANENT TOUTES SURFACE NOIR TECHNO T4520,Copy/Articles Bureautique,Storable,,,liste_articles_HIS,45
MARQUEUR PERMANENT TOUTES SURFACE ROUGE TECHNO 4521,Copy/Articles Bureautique,Storable,,,liste_articles_HIS,46
SAC A CADEAU BLANCHE A5 17 X 24 CM,Copy/Articles Bureautique,Storable,,,liste_articles_HIS,47
CHEMISE A RABAT PVC 4163,Copy/Articles Bureautique,Storable,,,liste_articles_HIS,48
ENV (F23715) POCH. BLANCHE ADH 229X324 P50,Copy/Articles Bureautique,Storable,,,liste_articles_HIS,49
FIL BADGE YOUYOU BLEU 90815B,Copy/Articles Bureautique,Storable,,,liste_articles_HIS,50
SCF SYSTEME COMPTABLE FINANCIER,Copy/Articles Bureautique,Storable,,,liste_articles_HIS,51
FEUILLE EXAMEN HIS,Copy/Articles Bureautique,Storable,,,liste_articles_HIS,52
RAME PAP PELURE COLEUR.T,Copy/Articles Bureautique,Storable,,,liste_articles_HIS,53
CORRECTEUR STYLO 07ML BT24 7004 TECHNO,Copy/Articles Bureautique,Storable,,,liste_articles_HIS,54
"CLASSEUR PERSO 50MM ""02"" 500F 06450 CV",Copy/Articles Bureautique,Storable,,,liste_articles_HIS,55
AUTOCOLLANT A4 20 F MAT 6134 GAL,Copy/Articles Bureautique,Storable,,,liste_articles_HIS,56
STYLO MY TECH VERT BT 25 2240 PENSAN,Copy/Articles Bureautique,Storable,,,liste_articles_HIS,57
STYLO MY TECH NOIR BT 25 2240 PENSAN,Copy/Articles Bureautique,Storable,,,liste_articles_HIS,58
STYLO MY TECH BLEU BT 25 2240 PENSAN,Copy/Articles Bureautique,Storable,,,liste_articles_HIS,59
STYLO A BILLE TRIROW BLEU 5144 TECHNO,Copy/Articles Bureautique,Storable,,,liste_articles_HIS,60
STYLO A BILLE TRIROW VERT 5146 TECHNO,Copy/Articles Bureautique,Storable,,,liste_articles_HIS,61
STYLO A BILLE NEXT 1.0 MM ROUGE BT50 5696 TECHNO,Copy/Articles Bureautique,Storable,,,liste_articles_HIS,62
STYLO A BILLE NEXT 1.0 MM NOIR BT50 5694 TECHNO,Copy/Articles Bureautique,Storable,,,liste_articles_HIS,63
GOMME VS1503 BT20 VERTEX,Copy/Articles Bureautique,Storable,,,liste_articles_HIS,64
BAVETTE BLEU ADULTE,Ménage & Nettoyage,Storable,,,liste_articles_HIS,65
NOTE BOOK A5 SP 70F 01 / R 02-19 ABS,Copy/Articles Bureautique,Storable,,,liste_articles_HIS,66
RAME EXTRA A4 80G 500F TARGET,Copy/Articles Bureautique,Storable,,,liste_articles_HIS,67
RAME EXTRA A4 80G GOLDEN / RAMOS ROUGE,Copy/Articles Bureautique,Storable,,,liste_articles_HIS,68
BON DE REÇU LUXE 03-21,Copy/Articles Bureautique,Storable,,,liste_articles_HIS,69
ENV (F16735) POCH. KR.ADH.PQ50 (162 X 229),Copy/Articles Bureautique,Storable,,,liste_articles_HIS,70
ENV (F16715) POCH. BLANCHE ADH P50 (162 X 229),Copy/Articles Bureautique,Storable,,,liste_articles_HIS,71
SAC A CADEAU BLANCHE A4 25 X 37 CM,Copy/Articles Bureautique,Storable,,,liste_articles_HIS,72
PORTE STYLO METAL ROND NOIR OK 9502 C12,Copy/Articles Bureautique,Storable,,,liste_articles_HIS,73
STYLO A BILLE SWING 1.0 MM BLEU 4965 TECHNO,Copy/Articles Bureautique,Storable,,,liste_articles_HIS,74
POCHETTE ENVELOPPE TRANSP NEUTRE EV 1269,Copy/Articles Bureautique,Storable,,,liste_articles_HIS,75
SCOTCH 100 Y TRANS IPLAS / YIDA / GIXIME / ROLX,Copy/Articles Bureautique,Storable,,,liste_articles_HIS,76
PORTE BLOC A4 CRISTAL EV 1235,Copy/Articles Bureautique,Storable,,,liste_articles_HIS,77
NOTE BOOK UNI +ELASTQ MULTICOL NBU 0058,Copy/Articles Bureautique,Storable,,,liste_articles_HIS,78
PORTE BLOC A4 BOIS 76302 /3500,Copy/Articles Bureautique,Storable,,,liste_articles_HIS,79
TONER 045/054/067 NOIR MF 631/LBP611 INKWELL,Copy/Articles Bureautique,Storable,,,liste_articles_HIS,80
TONER 045/067 JAUNE MF631/LBP611 INKWELL,Copy/Articles Bureautique,Storable,,,liste_articles_HIS,81
TONER 045/067 ROUGE MF 631/LBP 611 INKWELL,Copy/Articles Bureautique,Storable,,,liste_articles_HIS,82
TONER 045/067BLEU MF 631/LBP611 INKWELL,Copy/Articles Bureautique,Storable,,,liste_articles_HIS,83
PAP MOUCHOIR LOVELY PPM BT12,Ménage & Nettoyage,Storable,,,liste_articles_HIS,84
CRAIE BLANCHE DE 10 VS-0980 VERTEX,Copy/Articles Bureautique,Storable,,,liste_articles_HIS,85
LINGETTE DE POCHE ULTRA COMPFORE NEW BEBE,Ménage & Nettoyage,Storable,,,liste_articles_HIS,86
PAPIER DE LUXE IVOIRY A4 120 G 20 F 9513 TECHNO,Copy/Articles Bureautique,Storable,,,liste_articles_HIS,87
POCHETTE DE COIN 12F/ 20F / E310-12 / P0144 TRANB/TOUMI,Copy/Articles Bureautique,Storable,,,liste_articles_HIS,88
STYLO A BILLE XO 6 COUL EN PRESENTOIR 7240 HAUSER,Copy/Articles Bureautique,Storable,,,liste_articles_HIS,89
CAHIER 5 EN 1 A4 IM24-04 / 0024 KING,Copy/Articles Bureautique,Storable,,,liste_articles_HIS,90
TRANSPARENT NEUTRE A4 125 MIC 41250 FABS,Copy/Articles Bureautique,Storable,,,liste_articles_HIS,91
PORTE BADGE A3 ZIP PL-1138,Copy/Articles Bureautique,Storable,,,liste_articles_HIS,92
FLUORESCENT NOIR PRESENTOIRE 36 EV 4023 EVEREST,Copy/Articles Bureautique,Storable,,,liste_articles_HIS,93
FIL BADGE 1.5 CM CROCHET PLASTIQUE BLEU,Copy/Articles Bureautique,Storable,,,liste_articles_HIS,94
FIL BADGE 1.5 BLEU PL2566,Copy/Articles Bureautique,Storable,,,liste_articles_HIS,95
PRESENNTOIR SUPPORT FIL BADJ,Copy/Articles Bureautique,Storable,,,liste_articles_HIS,96
ENV (F26735) POCH. KR.ADH PQ50 (280 X 365),Copy/Articles Bureautique,Storable,,,liste_articles_HIS,97
AGENDA JOURNALIER COUSU HEX/ITAL,Copy/Articles Bureautique,Storable,,,liste_articles_HIS,98
STYLO DETECTEUR FAUX BILLET MAXX,Copy/Articles Bureautique,Storable,,,liste_articles_HIS,99
CAISSE MONNAIE SAX 810-09- 03 - 04,Copy/Articles Bureautique,Storable,,,liste_articles_HIS,100
STYLO SERIGRAPHIE EV 1011 EVEREST,Copy/Articles Bureautique,Storable,,,liste_articles_HIS,101
TROMBONE CHROME 28MM EV 1601 EVEREST,Copy/Articles Bureautique,Storable,,,liste_articles_HIS,102
MARQUEUR PERM T/COUP 4880 BLEU TECHNO,Copy/Articles Bureautique,Storable,,,liste_articles_HIS,103
MARQUEUR PERM T/COUP 4881 NOIR TECHNO,Copy/Articles Bureautique,Storable,,,liste_articles_HIS,104
SPIRALE N 6 NOIR / BLANC / BLEU,Copy/Articles Bureautique,Storable,,,liste_articles_HIS,105
RELIDOU N° 04 BETA BT100 40F,Copy/Articles Bureautique,Storable,,,liste_articles_HIS,106
CAHIER 288P CC C40 HILAL,Copy/Articles Bureautique,Storable,,,liste_articles_HIS,107
CAHIER 48P 70GRS CT180 HILAL,Copy/Articles Bureautique,Storable,,,liste_articles_HIS,108
PORTE DIPLOME VIERGE LUX 062 BLEU WOLV,Copy/Articles Bureautique,Storable,,,liste_articles_HIS,109
PORTE AFFICHE 3 ETAGE A5,Copy/Articles Bureautique,Storable,,,liste_articles_HIS,110
AUTOCOLLANT 20F N°2-2 6142 GALAXIE,Copy/Articles Bureautique,Storable,,,liste_articles_HIS,111
CRAYON NOIR HB2 851759 POT 72 MAPED,Copy/Articles Bureautique,Storable,,,liste_articles_HIS,112
ROULEAU KRAFT COULEUR 1MX2M REF 48221,Copy/Articles Bureautique,Storable,,,liste_articles_HIS,113
DOSSIER SUSPENDU TIROIR CTN 25 CV 2020,Copy/Articles Bureautique,Storable,,,liste_articles_HIS,114
STYLO X7 OR NOIR BT50 KRISH,Copy/Articles Bureautique,Storable,,,liste_articles_HIS,115
GOMME BLANCHE MINI 011300 BT 36 MAPED,Copy/Articles Bureautique,Storable,,,liste_articles_HIS,116
AGRAFEUSE BUREAU METAL 90 MM 44074 FABS,Copy/Articles Bureautique,Storable,,,liste_articles_HIS,117
CRAYON NOIR HB BT12 EV 1508 EVEREST,Copy/Articles Bureautique,Storable,,,liste_articles_HIS,118
OTE AGRAFE EV 1606 EVEREST,Copy/Articles Bureautique,Storable,,,liste_articles_HIS,119
SCOTCH DOUBLE FACE 1MX300X2MM REF 13020,Copy/Articles Bureautique,Storable,,,liste_articles_HIS,120
PORTE FICHES 100 V EV 3050 EVEREST,Copy/Articles Bureautique,Storable,,,liste_articles_HIS,121
CAHIER 3 EN 1 A4 IM 25-12 MER,Copy/Articles Bureautique,Storable,,,liste_articles_HIS,122
CAHIER 3 EN 1 A5 IM 25-02 MER,Copy/Articles Bureautique,Storable,,,liste_articles_HIS,123
NOTE BOOK 192P PF GC ELAST C40 / C44 RAY,Copy/Articles Bureautique,Storable,,,liste_articles_HIS,124
CAHIER 192P PF CC EMB 66 RAY,Copy/Articles Bureautique,Storable,,,liste_articles_HIS,125
BLOC NOTES A4 SP 21*29.7 ABS,Copy/Articles Bureautique,Storable,,,liste_articles_HIS,126
BLOC NOTES A5 SP 50F ABS,Copy/Articles Bureautique,Storable,,,liste_articles_HIS,127
TROUSSE EN PVC VS-1840 VERTEX,Copy/Articles Bureautique,Storable,,,liste_articles_HIS,128
TROUSSE ROND 06.112 PQ08 C144 RODESS,Copy/Articles Bureautique,Storable,,,liste_articles_HIS,129
TROUSSE ECOLIER VS-1827 VERTEX,Copy/Articles Bureautique,Storable,,,liste_articles_HIS,130
TROUSSE EV 91005 EVEREST,Copy/Articles Bureautique,Storable,,,liste_articles_HIS,131
DOSSIER SUSPENDU TIROIR PVC CV 0282 /FABS,Copy/Articles Bureautique,Storable,,,liste_articles_HIS,132
NOTE BOOK A5 ELASTIQUE 25021 / 25022 / 25023 / 25024/25028SAM,Copy/Articles Bureautique,Storable,,,liste_articles_HIS,133
FEUILLE EXAMEN A3 ARABE 1000F,Copy/Articles Bureautique,Storable,,,liste_articles_HIS,134
Essuie Mains Enchevêtré 3001F004 Cotex Pro,Ménage & Nettoyage,Storable,,,articles_cotex,1
Essuie main 3003R001 Cotex Pro,Ménage & Nettoyage,Storable,,,articles_cotex,2
Papier Hygiénique 5001R004 Cotex Pro,Ménage & Nettoyage,Storable,,,articles_cotex,3
Serviette de Table Cotex Delux,Ménage & Nettoyage,Storable,,,articles_cotex,4
